Query		Subject
Lygodium_japonicum_LYJA_C215684.p1	1	AT2G17695.3
Lygodium_japonicum_LYJA_C216842.p1	93	AT3G19620.1
Lygodium_japonicum_LYJA_C216952.p1	104	AT1G65440.1
Lygodium_japonicum_LYJA_C218130.p2	111	AT3G53950.1
Lygodium_japonicum_LYJA_C218250.p1	115	AT4G28710.1
Lygodium_japonicum_LYJA_C218540.p1	129	AT1G54220.1
Lygodium_japonicum_LYJA_C218624.p1	139	AT4G39952.1
Lygodium_japonicum_LYJA_C218630.p1	317	AT4G38930.2
Lygodium_japonicum_LYJA_C218662.p1	321	AT5G55740.1
Lygodium_japonicum_LYJA_C220012.p1	475	AT5G23630.1
Lygodium_japonicum_LYJA_C220032.p1	476	AT1G50030.1
Lygodium_japonicum_LYJA_C220150.p1	477	AT3G16610.1
Lygodium_japonicum_LYJA_C220164.p2	657	AT3G15130.1
Lygodium_japonicum_LYJA_C220286.p1	876	AT1G05380.1
Lygodium_japonicum_LYJA_C221940.p2	909	AT3G16630.1
Lygodium_japonicum_LYJA_C222036.p1	962	AT1G55970.1
Lygodium_japonicum_LYJA_C222134.p1	968	AT4G15260.1
Lygodium_japonicum_LYJA_C222148.p1	1014	AT4G14820.1
Lygodium_japonicum_LYJA_C222784.p1	1184	AT2G38290.1
Lygodium_japonicum_LYJA_C223268.p1	1188	AT2G31870.1
Lygodium_japonicum_LYJA_C223600.p1	1190	AT1G08620.3
Lygodium_japonicum_LYJA_C223612.p1	1196	AT5G03860.1
Lygodium_japonicum_LYJA_C224004.p1	1199	AT2G36730.1
Lygodium_japonicum_LYJA_C224230.p1	1345	AT3G49142.1
Lygodium_japonicum_LYJA_C224262.p1	1555	AT5G19160.1
Lygodium_japonicum_LYJA_C224412.p1	1594	AT2G22530.1
Lygodium_japonicum_LYJA_C224420.p2	1595	AT5G10790.1
Lygodium_japonicum_LYJA_C224680.p1	1596	AT2G33760.1
Lygodium_japonicum_LYJA_C224988.p1	1823	AT4G33990.1
Lygodium_japonicum_LYJA_C225356.p1	2010	AT5G65290.1
Lygodium_japonicum_LYJA_C226166.p1	2018	AT2G30070.1
Lygodium_japonicum_LYJA_C226394.p1	2031	AT4G30720.1
Lygodium_japonicum_LYJA_C226690.p1	2032	AT2G23450.1
Lygodium_japonicum_LYJA_C227089.p1	2132	AT5G66520.1
Lygodium_japonicum_LYJA_C227696.p1	2332	AT1G79900.1
Lygodium_japonicum_LYJA_C228234.p2	2411	AT1G11090.1
Lygodium_japonicum_LYJA_C228392.p1	2427	AT3G53760.1
Lygodium_japonicum_LYJA_C228580.p1	2428	AT3G62360.1
Lygodium_japonicum_LYJA_C228726.p1	2429	AT5G24030.1
Lygodium_japonicum_LYJA_C229154.p1	2434	AT2G23755.1
Lygodium_japonicum_LYJA_C229428.p1	2435	AT3G21630.1
Lygodium_japonicum_LYJA_C229468.p1	2436	AT3G46790.1
Lygodium_japonicum_LYJA_C230368.p1	2656	AT2G25470.3
Lygodium_japonicum_LYJA_C230532.p2	2796	AT1G04840.1
Lygodium_japonicum_LYJA_C230698.p1	3018	AT1G49980.1
Lygodium_japonicum_LYJA_C231034.p1	3021	AT5G57380.1
Lygodium_japonicum_LYJA_C231174.p1	3025	AT5G63960.2
Lygodium_japonicum_LYJA_C232354.p1	3028	AT2G41820.1
Lygodium_japonicum_LYJA_C232696.p1	3581	AT3G19960.2
Lygodium_japonicum_LYJA_C233344.p1	3601	AT4G32300.1
Lygodium_japonicum_LYJA_C233694.p1	3651	AT3G10360.1
Lygodium_japonicum_LYJA_C233702.p1	3656	AT1G77600.3
Lygodium_japonicum_LYJA_C233762.p1	3682	AT3G02330.1
Lygodium_japonicum_LYJA_C233900.p1	3925	AT5G65930.3
Lygodium_japonicum_LYJA_C234088.p1	3926	AT3G27330.1
Lygodium_japonicum_LYJA_C234394.p1	3930	AT5G19660.1
Lygodium_japonicum_LYJA_C234436.p1	3948	AT5G64410.1
Lygodium_japonicum_LYJA_C234596.p2	3957	AT4G23430.2
Lygodium_japonicum_LYJA_C234682.p1	3972	AT5G04500.1
Lygodium_japonicum_LYJA_C234700.p1	3973	AT1G34630.1
Lygodium_japonicum_LYJA_C235310.p1	3990	AT2G31750.2
Lygodium_japonicum_LYJA_C235318.p1	4040	AT1G67140.2
Lygodium_japonicum_LYJA_C235592.p1	4041	AT4G14310.2
Lygodium_japonicum_LYJA_C235686.p1	4042	AT1G67900.1
Lygodium_japonicum_LYJA_C235724.p1	4073	AT1G08380.1
Lygodium_japonicum_LYJA_C235952.p1	4074	AT3G55080.1
Lygodium_japonicum_LYJA_C236804.p1	4081	AT1G67710.1
Lygodium_japonicum_LYJA_C237266.p1	4117	AT1G64300.1
Lygodium_japonicum_LYJA_C238812.p1	4169	AT5G64270.1
Lygodium_japonicum_LYJA_C238986.p1	4170	AT5G62600.1
Lygodium_japonicum_LYJA_C239074.p1	4171	AT4G02750.1
Lygodium_japonicum_LYJA_C239772.p1	4340	AT1G64440.1
Lygodium_japonicum_LYJA_C239874.p1	4360	AT1G26790.1
Lygodium_japonicum_LYJA_C239988.p1	4375	AT5G23150.1
Lygodium_japonicum_LYJA_C240028.p1	4379	AT2G46370.4
Lygodium_japonicum_LYJA_C240084.p1	4398	AT2G13610.1
Lygodium_japonicum_LYJA_C240220.p1	4416	AT1G25230.3
Lygodium_japonicum_LYJA_C240270.p1	4421	AT5G53300.1
Lygodium_japonicum_LYJA_C241218.p1	4471	AT2G19930.1
Lygodium_japonicum_LYJA_C241428.p1	4473	AT2G20210.1
Lygodium_japonicum_LYJA_C241876.p1	4474	AT1G21230.1
Lygodium_japonicum_LYJA_C242580.p1	4524	AT4G38010.1
Lygodium_japonicum_LYJA_C242678.p1	4761	AT2G39060.1
Lygodium_japonicum_LYJA_C242786.p1	4772	AT5G01770.1
Lygodium_japonicum_LYJA_C243066.p1	4778	AT2G34090.4
Lygodium_japonicum_LYJA_C243188.p1	4779	AT5G13830.1
Lygodium_japonicum_LYJA_C243280.p1	4782	AT2G19110.1
Lygodium_japonicum_LYJA_C243472.p1	4811	AT2G34400.1
Lygodium_japonicum_LYJA_C244156.p1	5047	AT1G61520.1
Lygodium_japonicum_LYJA_C244166.p1	5068	AT4G18690.1
Lygodium_japonicum_LYJA_C244680.p1	5072	AT3G54230.2
Lygodium_japonicum_LYJA_C245168.p1	5075	AT5G25880.1
Lygodium_japonicum_LYJA_C245214.p1	5081	AT3G19380.1
Lygodium_japonicum_LYJA_C245806.p1	5087	AT3G03580.1
Lygodium_japonicum_LYJA_C246158.p1	5299	AT4G34860.1
Lygodium_japonicum_LYJA_C246508.p1	5308	AT2G20300.1
Lygodium_japonicum_LYJA_C246730.p2	5311	AT5G15300.1
Lygodium_japonicum_LYJA_C247138.p1	5384	AT5G46560.1
Lygodium_japonicum_LYJA_C247240.p2	5385	AT3G53380.1
Lygodium_japonicum_LYJA_C247554.p1	5437	AT5G03570.3
Lygodium_japonicum_LYJA_C247788.p1	5452	AT2G30490.1
Lygodium_japonicum_LYJA_C247820.p1	5502	AT1G02730.1
Lygodium_japonicum_LYJA_C248608.p1	5530	AT5G62000.1
Lygodium_japonicum_LYJA_C248708.p1	5555	AT4G10040.1
Lygodium_japonicum_LYJA_C248810.p1	5557	AT1G03120.1
Lygodium_japonicum_LYJA_C249014.p1	5560	AT5G23450.3
Lygodium_japonicum_LYJA_C249214.p1	5563	AT2G32710.1
Lygodium_japonicum_LYJA_C249578.p1	5567	AT1G62400.1
Lygodium_japonicum_LYJA_C250038.p1	5620	AT3G16730.1
Lygodium_japonicum_LYJA_C250454.p1	5621	AT2G38360.1
Lygodium_japonicum_LYJA_C251028.p1	5639	AT3G50860.1
Lygodium_japonicum_LYJA_C251228.p1	5646	AT5G03160.1
Lygodium_japonicum_LYJA_C251232.p1	5652	AT3G13320.1
Lygodium_japonicum_LYJA_C251314.p1	5659	AT3G06120.1
Lygodium_japonicum_LYJA_C251516.p1	5662	AT1G26810.1
Lygodium_japonicum_LYJA_C251570.p1	5668	AT1G74780.1
Lygodium_japonicum_LYJA_C251644.p1	5686	AT3G55090.1
Lygodium_japonicum_LYJA_C251686.p1	5724	AT1G14520.3
Lygodium_japonicum_LYJA_C252238.p1	5774	AT4G17020.3
Lygodium_japonicum_LYJA_C252258.p1	5775	AT3G18830.1
Lygodium_japonicum_LYJA_C252404.p1	5826	AT3G53470.2
Lygodium_japonicum_LYJA_C252600.p1	5877	AT5G54250.1
Lygodium_japonicum_LYJA_C252612.p2	5899	AT1G74260.1
Lygodium_japonicum_LYJA_C252762.p1	5900	AT1G05590.1
Lygodium_japonicum_LYJA_C253142.p1	5909	AT1G05500.1
Lygodium_japonicum_LYJA_C253206.p1	5915	AT3G06610.1
Lygodium_japonicum_LYJA_C253238.p1	5916	AT3G58170.1
Lygodium_japonicum_LYJA_C253352.p1	5926	AT5G27820.1
Lygodium_japonicum_LYJA_C253366.p1	5931	AT4G39840.1
Lygodium_japonicum_LYJA_C253492.p1	5932	AT5G45720.1
Lygodium_japonicum_LYJA_C253560.p2	5937	AT3G62840.1
Lygodium_japonicum_LYJA_C253680.p1	5941	AT2G37600.1
Lygodium_japonicum_LYJA_C253796.p1	5944	AT2G46700.1
Lygodium_japonicum_LYJA_C253876.p1	5994	AT5G59260.1
Lygodium_japonicum_LYJA_C254006.p1	6045	AT5G37590.1
Lygodium_japonicum_LYJA_C254036.p1	6055	AT1G69910.1
Lygodium_japonicum_LYJA_C254426.p1	6105	AT4G14716.1
Lygodium_japonicum_LYJA_C254462.p1	6110	AT4G08180.1
Lygodium_japonicum_LYJA_C254482.p1	6147	AT3G04900.1
Lygodium_japonicum_LYJA_C254622.p1	6164	AT1G55140.1
Lygodium_japonicum_LYJA_C254824.p1	6166	AT5G52200.1
Lygodium_japonicum_LYJA_C255056.p1	6168	AT3G02250.1
Lygodium_japonicum_LYJA_C255106.p1	6174	AT4G09320.1
Lygodium_japonicum_LYJA_C255182.p1	6180	AT4G19350.1
Lygodium_japonicum_LYJA_C255264.p1	6181	AT1G53540.1
Lygodium_japonicum_LYJA_C255384.p1	6195	AT1G35460.1
Lygodium_japonicum_LYJA_C255608.p1	6249	AT1G64850.1
Lygodium_japonicum_LYJA_C255630.p1	6251	AT1G68570.1
Lygodium_japonicum_LYJA_C255776.p1	6301	AT1G76760.1
Lygodium_japonicum_LYJA_C255888.p1	6351	AT1G65690.1
Lygodium_japonicum_LYJA_C255894.p1	6355	AT5G08050.1
Lygodium_japonicum_LYJA_C255922.p1	6357	AT2G05320.1
Lygodium_japonicum_LYJA_C255970.p1	6358	AT2G16790.3
Lygodium_japonicum_LYJA_C256104.p1	6359	AT1G17500.1
Lygodium_japonicum_LYJA_C256384.p1	6368	AT4G38740.1
Lygodium_japonicum_LYJA_C256546.p1	6394	AT4G23160.2
Lygodium_japonicum_LYJA_C256800.p1	6395	AT4G14147.2
Lygodium_japonicum_LYJA_C256814.p1	6396	AT1G80830.1
Lygodium_japonicum_LYJA_C256852.p1	6398	AT5G58110.1
Lygodium_japonicum_LYJA_C256934.p1	6399	AT4G21200.1
Lygodium_japonicum_LYJA_C257104.p1	6449	AT5G15710.1
Lygodium_japonicum_LYJA_C257284.p1	6451	AT2G03220.1
Lygodium_japonicum_LYJA_C257310.p1	6460	AT2G44360.1
Lygodium_japonicum_LYJA_C257616.p1	6461	AT3G47530.1
Lygodium_japonicum_LYJA_C258230.p1	6515	AT5G47570.1
Lygodium_japonicum_LYJA_C258256.p1	6517	AT2G02990.1
Lygodium_japonicum_LYJA_C258330.p1	6522	AT5G49540.1
Lygodium_japonicum_LYJA_C258414.p1	6523	AT2G32840.1
Lygodium_japonicum_LYJA_C258552.p1	6525	AT3G46550.1
Lygodium_japonicum_LYJA_C258570.p1	6537	AT4G32930.2
Lygodium_japonicum_LYJA_C258572.p1	6538	AT3G22200.2
Lygodium_japonicum_LYJA_C258636.p1	6548	AT3G09050.1
Lygodium_japonicum_LYJA_C258692.p1	6549	AT1G04290.1
Lygodium_japonicum_LYJA_C258976.p1	6555	AT3G02050.1
Lygodium_japonicum_LYJA_C258986.p1	6569	AT2G16500.1
Lygodium_japonicum_LYJA_C259094.p1	6571	AT2G21090.1
Lygodium_japonicum_LYJA_C259106.p1	6621	AT1G75980.1
Lygodium_japonicum_LYJA_C259306.p1	6640	AT4G04640.1
Lygodium_japonicum_LYJA_C259604.p3	6645	AT4G11650.1
Lygodium_japonicum_LYJA_C259662.p1	6647	AT1G31120.1
Lygodium_japonicum_LYJA_C259812.p1	6660	AT1G71695.1
Lygodium_japonicum_LYJA_C259814.p1	6710	AT3G59340.2
Lygodium_japonicum_LYJA_C259882.p1	6715	AT3G26000.1
Lygodium_japonicum_LYJA_C260066.p1	6718	AT5G57040.1
Lygodium_japonicum_LYJA_C260102.p1	6722	AT1G64680.1
Lygodium_japonicum_LYJA_C260240.p1	6725	AT2G30695.1
Lygodium_japonicum_LYJA_C260338.p1	6727	AT3G22320.1
Lygodium_japonicum_LYJA_C260400.p1	6733	AT4G32460.1
Lygodium_japonicum_LYJA_C260466.p1	6747	AT2G25605.1
Lygodium_japonicum_LYJA_C260478.p1	6748	AT3G02080.1
Lygodium_japonicum_LYJA_C260550.p1	6751	AT3G12280.1
Lygodium_japonicum_LYJA_C260678.p1	6752	AT5G64730.1
Lygodium_japonicum_LYJA_C260736.p1	6828	AT3G59650.2
Lygodium_japonicum_LYJA_C260850.p1	6831	AT2G32060.1
Lygodium_japonicum_LYJA_C260936.p1	6833	AT3G56330.1
Lygodium_japonicum_LYJA_C260982.p1	6834	AT1G03010.1
Lygodium_japonicum_LYJA_C261010.p1	6867	AT3G24240.1
Lygodium_japonicum_LYJA_C261094.p1	6917	AT2G13600.1
Lygodium_japonicum_LYJA_C261120.p1	7016	AT4G24020.1
Lygodium_japonicum_LYJA_C261286.p1	7025	AT2G35790.1
Lygodium_japonicum_LYJA_C261446.p1	7026	AT1G05200.1
Lygodium_japonicum_LYJA_C261734.p1	7046	AT4G16442.1
Lygodium_japonicum_LYJA_C261824.p1	7059	AT1G47750.1
Lygodium_japonicum_LYJA_C261990.p1	7063	AT2G33550.1
Lygodium_japonicum_LYJA_C262124.p1	7064	AT1G55000.1
Lygodium_japonicum_LYJA_C262190.p1	7069	AT2G37050.3
Lygodium_japonicum_LYJA_C262260.p1	7124	AT5G65740.2
Lygodium_japonicum_LYJA_C262380.p1	7125	AT1G32990.1
Lygodium_japonicum_LYJA_C262536.p1	7128	AT2G40935.1
Lygodium_japonicum_LYJA_C262646.p1	7145	AT5G11340.1
Lygodium_japonicum_LYJA_C262652.p1	7152	AT1G51160.1
Lygodium_japonicum_LYJA_C262820.p1	7154	AT4G17960.1
Lygodium_japonicum_LYJA_C263062.p1	7156	AT5G27680.1
Lygodium_japonicum_LYJA_C263124.p1	7157	AT5G55940.1
Lygodium_japonicum_LYJA_C263198.p1	7159	AT3G13850.1
Lygodium_japonicum_LYJA_C263558.p1	7200	AT1G51510.1
Lygodium_japonicum_LYJA_C263576.p1	7255	AT1G10310.1
Lygodium_japonicum_LYJA_C263584.p1	7294	AT3G47420.1
Lygodium_japonicum_LYJA_C263614.p1	7299	AT5G06550.1
Lygodium_japonicum_LYJA_C263652.p1	7304	AT1G69020.2
Lygodium_japonicum_LYJA_C263778.p1	7309	AT1G30950.1
Lygodium_japonicum_LYJA_C263818.p1	7313	AT4G14710.5
Lygodium_japonicum_LYJA_C263942.p1	7317	AT1G17230.2
Lygodium_japonicum_LYJA_C263962.p1	7367	AT4G35030.3
Lygodium_japonicum_LYJA_C263966.p1	7417	AT2G29640.1
Lygodium_japonicum_LYJA_C264006.p1	7418	ATMG00520.1
Lygodium_japonicum_LYJA_C264030.p1	7420	AT1G18370.1
Lygodium_japonicum_LYJA_C264122.p1	7428	AT2G13350.1
Lygodium_japonicum_LYJA_C264136.p1	7441	AT4G37390.1
Lygodium_japonicum_LYJA_C264150.p1	7460	AT5G09315.1
Lygodium_japonicum_LYJA_C264152.p1	7499	AT2G03667.1
Lygodium_japonicum_LYJA_C264206.p1	7500	AT4G35080.3
Lygodium_japonicum_LYJA_C264300.p1	7502	AT3G05190.1
Lygodium_japonicum_LYJA_C264562.p1	7512	AT3G10850.1
Lygodium_japonicum_LYJA_C264648.p1	7517	AT5G08520.1
Lygodium_japonicum_LYJA_C264668.p1	7544	AT5G13710.1
Lygodium_japonicum_LYJA_C264784.p1	7560	AT5G46160.1
Lygodium_japonicum_LYJA_C264922.p1	7563	AT3G23580.1
Lygodium_japonicum_LYJA_C264964.p1	7565	AT4G22285.1
Lygodium_japonicum_LYJA_C264998.p1	7575	AT5G16550.1
Lygodium_japonicum_LYJA_C265238.p1	7583	AT5G52060.1
Lygodium_japonicum_LYJA_C265336.p1	7589	AT3G15160.1
Lygodium_japonicum_LYJA_C265396.p1	7590	AT3G08920.1
Lygodium_japonicum_LYJA_C265526.p1	7598	AT1G03687.1
Lygodium_japonicum_LYJA_C265580.p1	7599	AT5G17070.1
Lygodium_japonicum_LYJA_C265608.p1	7600	AT1G04940.1
Lygodium_japonicum_LYJA_C265614.p1	7604	AT5G40470.1
Lygodium_japonicum_LYJA_C265708.p1	7632	AT2G43760.1
Lygodium_japonicum_LYJA_C265802.p1	7633	AT5G07910.1
Lygodium_japonicum_LYJA_C265870.p1	7769	AT5G20060.1
Lygodium_japonicum_LYJA_C265874.p1	7781	AT1G12600.1
Lygodium_japonicum_LYJA_C265920.p1	7788	AT3G06483.1
Lygodium_japonicum_LYJA_C265958.p1	7789	AT1G22170.1
Lygodium_japonicum_LYJA_C265980.p1	7794	AT1G06140.1
Lygodium_japonicum_LYJA_C266080.p1	7983	AT4G30870.1
Lygodium_japonicum_LYJA_C266140.p1	7985	AT5G58200.2
Lygodium_japonicum_LYJA_C266168.p1	7986	AT3G43610.2
Lygodium_japonicum_LYJA_C266206.p1	7992	AT5G16740.1
Lygodium_japonicum_LYJA_C266256.p1	8005	AT2G24290.1
Lygodium_japonicum_LYJA_C266304.p1	8010	AT4G16535.1
Lygodium_japonicum_LYJA_C266358.p1	8011	AT1G54130.1
Lygodium_japonicum_LYJA_C266366.p1	8015	AT5G49230.1
Lygodium_japonicum_LYJA_C266374.p1	8022	AT5G28910.2
Lygodium_japonicum_LYJA_C266398.p1	8024	AT1G20230.1
Lygodium_japonicum_LYJA_C266572.p1	8220	AT1G01630.1
Lygodium_japonicum_LYJA_C266784.p1	8250	AT5G54830.1
Lygodium_japonicum_LYJA_C266794.p1	8259	AT5G08110.3
Lygodium_japonicum_LYJA_C266836.p1	8260	AT4G11160.2
Lygodium_japonicum_LYJA_C266910.p1	8262	AT5G09230.7
Lygodium_japonicum_LYJA_C266932.p1	8264	AT4G34420.1
Lygodium_japonicum_LYJA_C267030.p1	8267	AT1G56090.2
Lygodium_japonicum_LYJA_C267094.p1	8290	AT2G05920.1
Lygodium_japonicum_LYJA_C267160.p1	8340	AT1G65270.1
Lygodium_japonicum_LYJA_C267250.p1	8341	AT5G03880.1
Lygodium_japonicum_LYJA_C267278.p1	8343	AT5G49110.2
Lygodium_japonicum_LYJA_C267290.p1	8344	AT5G04440.1
Lygodium_japonicum_LYJA_C267300.p1	8346	AT4G26160.1
Lygodium_japonicum_LYJA_C267410.p1	8357	AT2G47300.2
Lygodium_japonicum_LYJA_C267442.p1	8358	AT3G02980.1
Lygodium_japonicum_LYJA_C267444.p2	8361	AT5G44500.1
Lygodium_japonicum_LYJA_C267534.p1	8366	AT5G51460.1
Lygodium_japonicum_LYJA_C267542.p1	8383	AT1G35625.1
Lygodium_japonicum_LYJA_C267552.p1	8430	AT4G26980.1
Lygodium_japonicum_LYJA_C267620.p1	8431	AT2G41040.1
Lygodium_japonicum_LYJA_C267642.p1	8439	AT2G35060.2
Lygodium_japonicum_LYJA_C267660.p1	8455	AT4G38160.3
Lygodium_japonicum_LYJA_C267672.p1	8498	AT5G20660.1
Lygodium_japonicum_LYJA_C267740.p1	8499	AT3G18380.2
Lygodium_japonicum_LYJA_C267818.p1	8501	AT5G18110.1
Lygodium_japonicum_LYJA_C267976.p1	8511	AT5G12870.1
Lygodium_japonicum_LYJA_C268034.p1	8560	AT3G47520.1
Lygodium_japonicum_LYJA_C268066.p1	8569	AT4G15930.1
Lygodium_japonicum_LYJA_C268088.p1	8573	AT5G22850.1
Lygodium_japonicum_LYJA_C268136.p1	8623	AT5G14390.1
Lygodium_japonicum_LYJA_C268194.p1	8636	AT1G76050.2
Lygodium_japonicum_LYJA_C268202.p1	8641	AT3G18440.1
Lygodium_japonicum_LYJA_C268222.p1	8654	AT5G20080.1
Lygodium_japonicum_LYJA_C268280.p1	8663	AT2G42240.4
Lygodium_japonicum_LYJA_C268378.p1	8671	AT2G02370.1
Lygodium_japonicum_LYJA_C268394.p1	8678	AT3G25920.1
Lygodium_japonicum_LYJA_C268482.p1	8679	AT3G23330.1
Lygodium_japonicum_LYJA_C268498.p1	8864	AT2G24765.1
Lygodium_japonicum_LYJA_C268626.p1	8894	AT3G14640.2
Lygodium_japonicum_LYJA_C268688.p1	8921	AT2G44730.1
Lygodium_japonicum_LYJA_C268724.p1	8933	AT3G45620.2
Lygodium_japonicum_LYJA_C268798.p1	8960	AT3G52905.1
Lygodium_japonicum_LYJA_C268848.p1	8961	AT1G80090.1
Lygodium_japonicum_LYJA_C268874.p1	8964	AT3G10572.1
Lygodium_japonicum_LYJA_C268934.p1	8966	AT4G02460.1
Lygodium_japonicum_LYJA_C269022.p2	8968	AT4G36830.2
Lygodium_japonicum_LYJA_C269062.p1	8972	AT2G36320.1
Lygodium_japonicum_LYJA_C269164.p1	8984	AT2G38240.1
Lygodium_japonicum_LYJA_C269202.p1	9036	AT5G64250.2
Lygodium_japonicum_LYJA_C269234.p1	9037	AT5G57150.4
Lygodium_japonicum_LYJA_C269270.p1	9064	AT1G18940.1
Lygodium_japonicum_LYJA_C269362.p1	9082	AT2G26850.1
Lygodium_japonicum_LYJA_C269594.p1	9085	AT3G14930.1
Lygodium_japonicum_LYJA_C269618.p1	9087	AT5G01980.1
Lygodium_japonicum_LYJA_C269636.p1	9137	AT1G79320.1
Lygodium_japonicum_LYJA_C269774.p1	9146	AT5G23590.1
Lygodium_japonicum_LYJA_C269786.p1	9196	AT5G20730.1
Lygodium_japonicum_LYJA_C269830.p1	9239	AT2G18250.1
Lygodium_japonicum_LYJA_C269872.p1	9240	AT5G05600.1
Lygodium_japonicum_LYJA_C269928.p1	9290	AT3G59490.2
Lygodium_japonicum_LYJA_C269934.p1	9291	AT1G15480.1
Lygodium_japonicum_LYJA_C270000.p1	9374	AT5G09380.2
Lygodium_japonicum_LYJA_C270012.p1	9376	AT1G64880.1
Lygodium_japonicum_LYJA_C270050.p1	9378	AT3G01930.2
Lygodium_japonicum_LYJA_C270216.p1	9397	AT5G42650.1
Lygodium_japonicum_LYJA_C270294.p1	9402	AT5G60570.1
Lygodium_japonicum_LYJA_C270358.p1	9422	AT5G44070.1
Lygodium_japonicum_LYJA_C270462.p1	9424	AT4G37000.1
Lygodium_japonicum_LYJA_C270504.p1	9425	AT3G51290.2
Lygodium_japonicum_LYJA_C270552.p1	9441	AT4G39630.1
Lygodium_japonicum_LYJA_C270594.p1	9442	AT3G60590.3
Lygodium_japonicum_LYJA_C270596.p1	9444	AT3G47630.2
Lygodium_japonicum_LYJA_C270688.p1	9445	AT5G39990.1
Lygodium_japonicum_LYJA_C270726.p1	9456	AT1G22070.1
Lygodium_japonicum_LYJA_C270832.p1	9472	AT3G46620.1
Lygodium_japonicum_LYJA_C270880.p1	9517	AT5G35730.1
Lygodium_japonicum_LYJA_C270910.p1	9530	AT1G68930.1
Lygodium_japonicum_LYJA_C270922.p1	9721	AT2G46290.1
Lygodium_japonicum_LYJA_C270960.p1	9829	AT3G52570.1
Lygodium_japonicum_LYJA_C271092.p1	9831	AT1G03030.1
Lygodium_japonicum_LYJA_C271184.p1	9837	AT5G44785.2
Lygodium_japonicum_LYJA_C271236.p1	9843	AT2G48110.1
Lygodium_japonicum_LYJA_C271276.p1	9845	AT2G16760.1
Lygodium_japonicum_LYJA_C271346.p1	9849	AT1G79340.1
Lygodium_japonicum_LYJA_C271372.p1	9861	AT4G15940.1
Lygodium_japonicum_LYJA_C271380.p1	9864	AT4G23490.1
Lygodium_japonicum_LYJA_C271430.p1	9876	AT1G24620.1
Lygodium_japonicum_LYJA_C271464.p1	9941	AT2G13600.1
Lygodium_japonicum_LYJA_C271724.p1	10172	AT5G04740.1
Lygodium_japonicum_LYJA_C271750.p1	10185	AT2G29990.1
Lygodium_japonicum_LYJA_C271758.p1	10198	AT5G54860.1
Lygodium_japonicum_LYJA_C271838.p1	10207	AT1G03750.1
Lygodium_japonicum_LYJA_C271900.p1	10246	AT2G30320.1
Lygodium_japonicum_LYJA_C271904.p1	10249	AT5G48240.3
Lygodium_japonicum_LYJA_C271980.p1	10250	AT4G30860.1
Lygodium_japonicum_LYJA_C272008.p1	10282	AT1G68930.1
Lygodium_japonicum_LYJA_C272050.p1	10460	AT3G02420.1
Lygodium_japonicum_LYJA_C272076.p1	10461	AT1G31130.1
Lygodium_japonicum_LYJA_C272140.p1	10469	AT3G52260.3
Lygodium_japonicum_LYJA_C272150.p1	10475	AT1G62330.1
Lygodium_japonicum_LYJA_C272218.p1	10508	AT3G06620.1
Lygodium_japonicum_LYJA_C272232.p1	10558	AT5G51890.1
Lygodium_japonicum_LYJA_C272242.p1	10608	AT3G15920.1
Lygodium_japonicum_LYJA_C272278.p1	10611	AT4G32400.1
Lygodium_japonicum_LYJA_C272290.p1	10710	AT4G16835.1
Lygodium_japonicum_LYJA_C272294.p1	10789	AT1G16190.1
Lygodium_japonicum_LYJA_C272390.p1	10897	AT3G48070.2
Lygodium_japonicum_LYJA_C272446.p1	10905	AT5G62600.1
Lygodium_japonicum_LYJA_C272470.p1	10906	AT4G31540.1
Lygodium_japonicum_LYJA_C272546.p1	10929	AT2G45950.2
Lygodium_japonicum_LYJA_C272702.p1	10948	AT1G67660.1
Lygodium_japonicum_LYJA_C272878.p1	10950	AT3G12360.1
Lygodium_japonicum_LYJA_C272880.p1	10993	AT4G25360.1
Lygodium_japonicum_LYJA_C272946.p1	11040	AT4G29720.1
Lygodium_japonicum_LYJA_C273020.p1	11047	AT2G44140.1
Lygodium_japonicum_LYJA_C273034.p1	11049	AT5G64760.1
Lygodium_japonicum_LYJA_C273040.p1	11053	AT3G04790.1
Lygodium_japonicum_LYJA_C273054.p1	11057	AT1G48450.1
Lygodium_japonicum_LYJA_C273066.p1	11062	AT4G29100.1
Lygodium_japonicum_LYJA_C273086.p1	11100	AT1G67170.1
Lygodium_japonicum_LYJA_C273162.p1	11105	AT5G45620.1
Lygodium_japonicum_LYJA_C273172.p1	11108	AT3G17700.1
Lygodium_japonicum_LYJA_C273236.p1	11129	AT1G60220.1
Lygodium_japonicum_LYJA_C273320.p1	11138	AT2G23390.1
Lygodium_japonicum_LYJA_C273358.p1	11139	AT2G19520.1
Lygodium_japonicum_LYJA_C273428.p1	11182	AT1G01090.1
Lygodium_japonicum_LYJA_C273634.p1	11189	AT1G33800.1
Lygodium_japonicum_LYJA_C273670.p1	11199	AT4G16110.1
Lygodium_japonicum_LYJA_C273688.p1	11249	AT5G08520.1
Lygodium_japonicum_LYJA_C273696.p1	11289	AT1G47510.1
Lygodium_japonicum_LYJA_C273782.p1	11304	AT1G80870.1
Lygodium_japonicum_LYJA_C273862.p1	11354	AT4G37560.1
Lygodium_japonicum_LYJA_C273880.p1	11356	AT5G47750.1
Lygodium_japonicum_LYJA_C273886.p1	11420	AT1G32360.1
Lygodium_japonicum_LYJA_C273888.p1	11433	AT3G45880.1
Lygodium_japonicum_LYJA_C273896.p1	11436	AT5G39360.1
Lygodium_japonicum_LYJA_C273900.p1	11440	AT2G36810.1
Lygodium_japonicum_LYJA_C273950.p1	11441	AT3G02360.1
Lygodium_japonicum_LYJA_C274022.p1	11447	AT3G54970.1
Lygodium_japonicum_LYJA_C274038.p1	11448	AT5G42650.1
Lygodium_japonicum_LYJA_C274042.p1	11462	AT4G19210.1
Lygodium_japonicum_LYJA_C274168.p1	11525	AT5G64970.1
Lygodium_japonicum_LYJA_C274178.p1	11583	AT1G51760.1
Lygodium_japonicum_LYJA_C274224.p1	11590	AT2G21710.1
Lygodium_japonicum_LYJA_C274226.p1	11626	AT2G40860.1
Lygodium_japonicum_LYJA_C274294.p1	11676	AT1G13890.1
Lygodium_japonicum_LYJA_C274352.p1	11679	AT5G54390.1
Lygodium_japonicum_LYJA_C274372.p1	11687	AT4G04890.1
Lygodium_japonicum_LYJA_C274374.p1	11705	AT3G27150.1
Lygodium_japonicum_LYJA_C274442.p1	11755	AT5G44785.2
Lygodium_japonicum_LYJA_C274448.p1	11767	AT4G33590.1
Lygodium_japonicum_LYJA_C274492.p1	11769	AT5G66010.1
Lygodium_japonicum_LYJA_C274628.p1	11773	AT1G67690.1
Lygodium_japonicum_LYJA_C274678.p1	11777	AT4G35870.1
Lygodium_japonicum_LYJA_C274710.p1	11778	AT5G17600.1
Lygodium_japonicum_LYJA_C274728.p1	11828	AT5G51970.1
Lygodium_japonicum_LYJA_C274752.p1	11837	AT1G24290.1
Lygodium_japonicum_LYJA_C274814.p1	11841	AT5G03650.1
Lygodium_japonicum_LYJA_C274852.p1	11846	AT4G19600.1
Lygodium_japonicum_LYJA_C274892.p1	11854	AT1G05940.1
Lygodium_japonicum_LYJA_C274922.p1	11863	AT5G22850.1
Lygodium_japonicum_LYJA_C275022.p1	11914	AT2G21170.1
Lygodium_japonicum_LYJA_C275118.p1	11916	AT2G38040.1
Lygodium_japonicum_LYJA_C275120.p1	11917	AT3G48990.1
Lygodium_japonicum_LYJA_C275196.p1	11964	AT5G13890.1
Lygodium_japonicum_LYJA_C275226.p1	11968	AT5G17510.1
Lygodium_japonicum_LYJA_C275274.p1	11970	AT3G12350.1
Lygodium_japonicum_LYJA_C275284.p1	11974	AT1G19360.1
Lygodium_japonicum_LYJA_C275360.p1	11982	AT3G23100.1
Lygodium_japonicum_LYJA_C275460.p1	11984	AT1G10430.1
Lygodium_japonicum_LYJA_C275472.p1	12010	AT4G29140.1
Lygodium_japonicum_LYJA_C275496.p1	12060	AT3G30390.1
Lygodium_japonicum_LYJA_C275508.p1	12070	AT4G25000.1
Lygodium_japonicum_LYJA_C275510.p1	12082	AT3G45610.1
Lygodium_japonicum_LYJA_C275522.p1	12109	AT3G24590.2
Lygodium_japonicum_LYJA_C275532.p1	12116	AT2G01060.1
Lygodium_japonicum_LYJA_C275606.p1	12166	AT2G03120.1
Lygodium_japonicum_LYJA_C275642.p1	12172	AT2G15730.1
Lygodium_japonicum_LYJA_C275702.p1	12175	AT5G48160.1
Lygodium_japonicum_LYJA_C275764.p1	12182	AT3G61240.1
Lygodium_japonicum_LYJA_C275834.p1	12232	AT5G12170.2
Lygodium_japonicum_LYJA_C275842.p1	12236	AT2G17990.3
Lygodium_japonicum_LYJA_C275882.p1	12239	AT3G12770.1
Lygodium_japonicum_LYJA_C275892.p1	12411	AT2G32850.2
Lygodium_japonicum_LYJA_C275904.p1	12412	AT1G03290.1
Lygodium_japonicum_LYJA_C275908.p1	12414	AT4G30825.1
Lygodium_japonicum_LYJA_C276014.p1	12620	AT1G49870.1
Lygodium_japonicum_LYJA_C276018.p1	12622	AT3G50170.1
Lygodium_japonicum_LYJA_C276024.p1	12648	AT2G31810.1
Lygodium_japonicum_LYJA_C276030.p1	12651	AT3G02990.1
Lygodium_japonicum_LYJA_C276048.p1	12676	AT4G36980.4
Lygodium_japonicum_LYJA_C276100.p1	12677	AT1G70070.1
Lygodium_japonicum_LYJA_C276110.p1	12678	AT3G15140.1
Lygodium_japonicum_LYJA_C276144.p1	12680	AT3G19950.2
Lygodium_japonicum_LYJA_C276258.p1	12730	AT2G41900.1
Lygodium_japonicum_LYJA_C276278.p1	12735	AT1G63850.1
Lygodium_japonicum_LYJA_C276310.p1	12741	AT1G73240.1
Lygodium_japonicum_LYJA_C276500.p1	12742	AT3G21540.1
Lygodium_japonicum_LYJA_C276510.p1	12868	AT1G70940.1
Lygodium_japonicum_LYJA_C276512.p1	12877	AT3G24170.1
Lygodium_japonicum_LYJA_C276548.p1	12886	AT1G09770.1
Lygodium_japonicum_LYJA_C276610.p1	12887	AT5G03040.1
Lygodium_japonicum_LYJA_C276640.p1	12905	AT4G35800.1
Lygodium_japonicum_LYJA_C276724.p1	12906	AT3G17340.2
Lygodium_japonicum_LYJA_C276744.p1	12907	AT5G66750.1
Lygodium_japonicum_LYJA_C276750.p1	12964	AT4G29360.2
Lygodium_japonicum_LYJA_C276796.p1	13015	AT3G61670.1
Lygodium_japonicum_LYJA_C276818.p1	13022	AT2G28840.1
Lygodium_japonicum_LYJA_C276834.p1	13112	AT1G36730.1
Lygodium_japonicum_LYJA_C276854.p2	13116	AT1G18700.5
Lygodium_japonicum_LYJA_C276860.p1	13118	AT5G03040.1
Lygodium_japonicum_LYJA_C276884.p1	13141	AT5G22480.1
Lygodium_japonicum_LYJA_C276980.p1	13144	AT4G37210.1
Lygodium_japonicum_LYJA_C277058.p1	13145	AT3G04820.1
Lygodium_japonicum_LYJA_C277084.p1	13146	AT5G05140.1
Lygodium_japonicum_LYJA_C277114.p1	13150	AT1G43190.1
Lygodium_japonicum_LYJA_C277118.p1	13158	AT2G35110.1
Lygodium_japonicum_LYJA_C277168.p1	13159	AT5G07990.1
Lygodium_japonicum_LYJA_C277198.p1	13209	AT5G41950.1
Lygodium_japonicum_LYJA_C277204.p1	13210	AT3G60190.1
Lygodium_japonicum_LYJA_C277224.p1	13225	AT1G08540.1
Lygodium_japonicum_LYJA_C277258.p1	13231	AT4G27910.1
Lygodium_japonicum_LYJA_C277316.p1	13262	AT4G26100.1
Lygodium_japonicum_LYJA_C277458.p1	13312	AT5G57990.1
Lygodium_japonicum_LYJA_C277530.p1	13348	AT1G30450.1
Lygodium_japonicum_LYJA_C277544.p1	13349	AT5G60710.1
Lygodium_japonicum_LYJA_C277558.p1	13359	AT5G63630.2
Lygodium_japonicum_LYJA_C277594.p1	13409	AT2G28600.1
Lygodium_japonicum_LYJA_C277626.p1	13452	AT5G61040.1
Lygodium_japonicum_LYJA_C277652.p1	13454	AT5G60980.2
Lygodium_japonicum_LYJA_C277672.p1	13464	AT5G18610.1
Lygodium_japonicum_LYJA_C277674.p1	13514	AT2G33490.1
Lygodium_japonicum_LYJA_C277688.p1	13517	AT4G31450.1
Lygodium_japonicum_LYJA_C277694.p1	13567	AT1G71040.1
Lygodium_japonicum_LYJA_C277734.p1	13569	AT1G73150.1
Lygodium_japonicum_LYJA_C277740.p1	13587	AT2G27460.1
Lygodium_japonicum_LYJA_C277760.p1	13594	AT3G60190.1
Lygodium_japonicum_LYJA_C277890.p1	13609	AT5G64410.1
Lygodium_japonicum_LYJA_C277906.p1	13618	AT1G19440.1
Lygodium_japonicum_LYJA_C277936.p1	13643	AT5G36210.1
Lygodium_japonicum_LYJA_C278010.p1	13645	AT4G02070.1
Lygodium_japonicum_LYJA_C278028.p1	13656	AT3G57660.1
Lygodium_japonicum_LYJA_C278032.p1	13666	AT2G47510.1
Lygodium_japonicum_LYJA_C278038.p1	13668	AT5G01220.1
Lygodium_japonicum_LYJA_C278040.p1	13690	AT2G18090.1
Lygodium_japonicum_LYJA_C278052.p1	13694	AT1G33250.1
Lygodium_japonicum_LYJA_C278056.p1	13706	AT5G27600.1
Lygodium_japonicum_LYJA_C278060.p1	13746	AT1G63690.1
Lygodium_japonicum_LYJA_C278094.p1	13757	AT2G35040.1
Lygodium_japonicum_LYJA_C278132.p1	13758	AT5G23670.1
Lygodium_japonicum_LYJA_C278154.p1	13763	AT1G07670.1
Lygodium_japonicum_LYJA_C278160.p1	13823	AT4G32300.1
Lygodium_japonicum_LYJA_C278178.p1	13874	AT5G23010.2
Lygodium_japonicum_LYJA_C278200.p1	13878	AT2G40840.1
Lygodium_japonicum_LYJA_C278256.p1	13882	AT1G72650.2
Lygodium_japonicum_LYJA_C278284.p1	13895	AT1G49840.1
Lygodium_japonicum_LYJA_C278320.p1	13904	AT5G51430.1
Lygodium_japonicum_LYJA_C278410.p1	13905	AT2G40400.1
Lygodium_japonicum_LYJA_C278420.p1	13913	AT5G55920.1
Lygodium_japonicum_LYJA_C278440.p1	13924	AT5G02860.1
Lygodium_japonicum_LYJA_C278472.p1	14136	AT1G16860.1
Lygodium_japonicum_LYJA_C278480.p1	14139	AT4G00060.1
Lygodium_japonicum_LYJA_C278504.p1	14141	AT1G79090.1
Lygodium_japonicum_LYJA_C278536.p1	14144	AT4G31480.3
Lygodium_japonicum_LYJA_C278540.p1	14148	AT3G17330.1
Lygodium_japonicum_LYJA_C278592.p1	14161	AT2G44760.1
Lygodium_japonicum_LYJA_C278682.p1	14162	AT1G76400.1
Lygodium_japonicum_LYJA_C278690.p1	14164	AT1G08760.1
Lygodium_japonicum_LYJA_C278720.p1	14174	AT1G20080.1
Lygodium_japonicum_LYJA_C278784.p1	14208	AT5G23110.1
Lygodium_japonicum_LYJA_C278792.p1	14219	AT2G21470.2
Lygodium_japonicum_LYJA_C278804.p1	14234	AT3G19420.1
Lygodium_japonicum_LYJA_C278878.p1	14241	AT4G14770.1
Lygodium_japonicum_LYJA_C278884.p1	14259	AT5G56530.1
Lygodium_japonicum_LYJA_C278920.p1	14312	AT4G31450.1
Lygodium_japonicum_LYJA_C278938.p1	14362	AT4G09140.1
Lygodium_japonicum_LYJA_C278970.p1	14365	AT3G04650.1
Lygodium_japonicum_LYJA_C278980.p1	14368	AT3G19895.1
Lygodium_japonicum_LYJA_C279070.p1	14407	AT4G10840.1
Lygodium_japonicum_LYJA_C279076.p1	14413	AT4G38640.1
Lygodium_japonicum_LYJA_C279084.p1	14416	AT1G47550.2
Lygodium_japonicum_LYJA_C279110.p1	14418	AT1G54130.1
Lygodium_japonicum_LYJA_C279112.p1	14425	AT5G16715.1
Lygodium_japonicum_LYJA_C279192.p1	14431	AT1G43690.1
Lygodium_japonicum_LYJA_C279246.p1	14432	AT2G22300.1
Lygodium_japonicum_LYJA_C279282.p1	14439	AT1G77800.3
Lygodium_japonicum_LYJA_C279342.p1	14447	AT3G07270.1
Lygodium_japonicum_LYJA_C279378.p1	14450	AT3G17970.1
Lygodium_japonicum_LYJA_C279392.p1	14501	AT3G55610.1
Lygodium_japonicum_LYJA_C279430.p1	14503	AT5G15300.1
Lygodium_japonicum_LYJA_C279446.p1	14677	AT1G15440.1
Lygodium_japonicum_LYJA_C279454.p1	14802	AT5G51340.1
Lygodium_japonicum_LYJA_C279468.p2	14804	AT5G11850.1
Lygodium_japonicum_LYJA_C279502.p1	14810	AT5G10800.1
Lygodium_japonicum_LYJA_C279526.p1	14813	AT1G08190.1
Lygodium_japonicum_LYJA_C279530.p1	14815	AT3G19950.2
Lygodium_japonicum_LYJA_C279536.p1	14865	AT3G57300.2
Lygodium_japonicum_LYJA_C279672.p1	14907	AT5G26742.2
Lygodium_japonicum_LYJA_C279702.p1	14957	AT2G29080.1
Lygodium_japonicum_LYJA_C279718.p1	15013	AT1G75850.1
Lygodium_japonicum_LYJA_C279724.p1	15016	AT2G39940.1
Lygodium_japonicum_LYJA_C279800.p1	15046	AT5G42390.1
Lygodium_japonicum_LYJA_C279814.p1	15047	AT2G02480.1
Lygodium_japonicum_LYJA_C279864.p1	15059	AT4G24480.1
Lygodium_japonicum_LYJA_C279870.p1	15116	AT5G57610.1
Lygodium_japonicum_LYJA_C279872.p1	15167	AT3G47890.1
Lygodium_japonicum_LYJA_C279880.p1	15185	AT1G01790.1
Lygodium_japonicum_LYJA_scaffold10000.p1	15193	AT1G16290.2
Lygodium_japonicum_LYJA_scaffold10006.p1	15196	AT1G48350.1
Lygodium_japonicum_LYJA_scaffold10016.p1	15200	AT4G13650.1
Lygodium_japonicum_LYJA_scaffold10017.p1	15364	AT1G24095.1
Lygodium_japonicum_LYJA_scaffold10024.p1	15366	AT4G29960.1
Lygodium_japonicum_LYJA_scaffold10047.p1	15368	AT1G09070.1
Lygodium_japonicum_LYJA_scaffold10050.p1	15383	AT5G53620.1
Lygodium_japonicum_LYJA_scaffold10061.p1	15384	AT4G02330.1
Lygodium_japonicum_LYJA_scaffold10123.p1	15488	AT4G33030.1
Lygodium_japonicum_LYJA_scaffold10127.p1	15492	AT5G06770.1
Lygodium_japonicum_LYJA_scaffold10136.p1	15508	AT4G32400.1
Lygodium_japonicum_LYJA_scaffold10159.p1	15610	AT4G36850.1
Lygodium_japonicum_LYJA_scaffold10163.p1	15614	AT5G48840.1
Lygodium_japonicum_LYJA_scaffold10174.p1	15615	AT3G19240.1
Lygodium_japonicum_LYJA_scaffold10192.p1	15621	AT1G67960.1
Lygodium_japonicum_LYJA_scaffold10201.p1	15622	AT1G10385.1
Lygodium_japonicum_LYJA_scaffold10213.p1	15625	AT2G35120.1
Lygodium_japonicum_LYJA_scaffold10223.p1	15628	AT3G50650.1
Lygodium_japonicum_LYJA_scaffold10235.p1	15646	AT5G67270.1
Lygodium_japonicum_LYJA_scaffold10246.p1	15663	AT4G09180.1
Lygodium_japonicum_LYJA_scaffold10249.p1	15713	AT3G59080.1
Lygodium_japonicum_LYJA_scaffold1025.p1	15763	AT1G78370.1
Lygodium_japonicum_LYJA_scaffold10283.p1	15797	AT2G34050.1
Lygodium_japonicum_LYJA_scaffold10286.p1	15798	AT5G22920.1
Lygodium_japonicum_LYJA_scaffold10314.p2	15807	AT3G51870.1
Lygodium_japonicum_LYJA_scaffold10325.p1	15848	AT3G01470.1
Lygodium_japonicum_LYJA_scaffold10334.p1	15894	AT1G13120.1
Lygodium_japonicum_LYJA_scaffold10366.p1	15946	AT1G04230.1
Lygodium_japonicum_LYJA_scaffold10370.p1	15948	AT1G68400.1
Lygodium_japonicum_LYJA_scaffold10378.p1	16027	AT3G15260.1
Lygodium_japonicum_LYJA_scaffold10404.p1	16086	AT5G40410.1
Lygodium_japonicum_LYJA_scaffold10419.p1	16128	AT3G25990.1
Lygodium_japonicum_LYJA_scaffold10450.p1	16140	AT5G01450.1
Lygodium_japonicum_LYJA_scaffold10452.p2	16148	AT4G10500.1
Lygodium_japonicum_LYJA_scaffold10474.p1	16201	AT2G46500.1
Lygodium_japonicum_LYJA_scaffold10482.p1	16263	AT4G39860.1
Lygodium_japonicum_LYJA_scaffold10486.p1	16267	AT1G73710.1
Lygodium_japonicum_LYJA_scaffold10487.p1	16523	AT3G56160.1
Lygodium_japonicum_LYJA_scaffold10493.p1	16526	AT5G37510.2
Lygodium_japonicum_LYJA_scaffold1051.p2	16527	AT5G13870.1
Lygodium_japonicum_LYJA_scaffold1054.p1	16583	AT3G23730.1
Lygodium_japonicum_LYJA_scaffold10541.p1	16648	AT4G29130.1
Lygodium_japonicum_LYJA_scaffold10544.p1	16655	AT3G61690.1
Lygodium_japonicum_LYJA_scaffold10547.p2	16656	AT5G53160.2
Lygodium_japonicum_LYJA_scaffold10562.p1	16670	AT1G52500.2
Lygodium_japonicum_LYJA_scaffold10569.p1	16671	AT3G58800.1
Lygodium_japonicum_LYJA_scaffold10590.p1	16672	AT5G64030.1
Lygodium_japonicum_LYJA_scaffold10591.p1	16704	AT5G56450.1
Lygodium_japonicum_LYJA_scaffold10592.p1	16796	AT1G72590.1
Lygodium_japonicum_LYJA_scaffold10607.p3	16819	AT1G53050.1
Lygodium_japonicum_LYJA_scaffold10643.p1	16914	AT3G13290.1
Lygodium_japonicum_LYJA_scaffold10653.p1	16916	AT5G06970.1
Lygodium_japonicum_LYJA_scaffold10659.p2	16922	AT3G29390.1
Lygodium_japonicum_LYJA_scaffold10688.p1	16923	AT5G39740.1
Lygodium_japonicum_LYJA_scaffold10696.p1	16926	AT1G56080.1
Lygodium_japonicum_LYJA_scaffold10717.p1	16929	AT3G53720.1
Lygodium_japonicum_LYJA_scaffold10762.p2	16954	AT5G01990.1
Lygodium_japonicum_LYJA_scaffold10764.p1	16961	AT4G39530.1
Lygodium_japonicum_LYJA_scaffold10814.p1	17136	AT3G59770.3
Lygodium_japonicum_LYJA_scaffold10839.p1	17137	AT3G57990.1
Lygodium_japonicum_LYJA_scaffold10846.p1	17138	AT3G28860.1
Lygodium_japonicum_LYJA_scaffold10857.p1	17180	AT5G65810.1
Lygodium_japonicum_LYJA_scaffold10861.p1	17182	AT2G36360.4
Lygodium_japonicum_LYJA_scaffold10864.p1	17248	AT3G09350.1
Lygodium_japonicum_LYJA_scaffold10867.p1	17252	AT1G68010.2
Lygodium_japonicum_LYJA_scaffold10900.p1	17262	AT5G41210.1
Lygodium_japonicum_LYJA_scaffold10916.p1	17265	AT4G15500.1
Lygodium_japonicum_LYJA_scaffold10948.p1	17315	AT1G80030.1
Lygodium_japonicum_LYJA_scaffold1096.p1	17371	AT2G26310.1
Lygodium_japonicum_LYJA_scaffold10968.p1	17373	AT3G49142.1
Lygodium_japonicum_LYJA_scaffold10989.p2	17552	AT3G52820.1
Lygodium_japonicum_LYJA_scaffold10992.p2	17567	AT3G52310.1
Lygodium_japonicum_LYJA_scaffold1100.p1	17574	AT5G17770.1
Lygodium_japonicum_LYJA_scaffold11015.p1	17580	AT1G17160.1
Lygodium_japonicum_LYJA_scaffold11023.p1	17588	AT3G16230.1
Lygodium_japonicum_LYJA_scaffold11056.p1	17600	AT3G08850.1
Lygodium_japonicum_LYJA_scaffold11108.p1	17613	AT4G10440.1
Lygodium_japonicum_LYJA_scaffold11126.p1	17646	AT1G09420.2
Lygodium_japonicum_LYJA_scaffold11140.p1	17652	AT3G02580.1
Lygodium_japonicum_LYJA_scaffold11159.p1	17660	AT1G14700.1
Lygodium_japonicum_LYJA_scaffold11161.p2	17665	AT1G18440.1
Lygodium_japonicum_LYJA_scaffold11175.p1	17669	AT3G55340.1
Lygodium_japonicum_LYJA_scaffold11183.p1	17725	AT2G41900.1
Lygodium_japonicum_LYJA_scaffold11188.p1	17738	AT3G22400.1
Lygodium_japonicum_LYJA_scaffold11212.p1	17744	AT3G54140.1
Lygodium_japonicum_LYJA_scaffold11219.p1	17794	AT5G46390.2
Lygodium_japonicum_LYJA_scaffold11220.p1	17797	AT4G18520.1
Lygodium_japonicum_LYJA_scaffold11224.p1	18016	AT5G42480.1
Lygodium_japonicum_LYJA_scaffold11246.p1	18018	AT4G13360.1
Lygodium_japonicum_LYJA_scaffold11249.p2	18028	AT2G33310.2
Lygodium_japonicum_LYJA_scaffold11261.p1	18074	AT2G31350.1
Lygodium_japonicum_LYJA_scaffold11269.p1	18112	AT5G65770.2
Lygodium_japonicum_LYJA_scaffold11276.p1	18117	AT1G48960.1
Lygodium_japonicum_LYJA_scaffold1129.p1	18141	AT4G33990.1
Lygodium_japonicum_LYJA_scaffold11291.p1	18317	AT4G18750.1
Lygodium_japonicum_LYJA_scaffold11297.p1	18533	AT5G11620.1
Lygodium_japonicum_LYJA_scaffold11300.p1	18535	AT5G51560.1
Lygodium_japonicum_LYJA_scaffold11303.p1	18586	AT1G05910.1
Lygodium_japonicum_LYJA_scaffold11308.p1	18642	AT3G19360.1
Lygodium_japonicum_LYJA_scaffold11329.p1	18663	AT3G11460.1
Lygodium_japonicum_LYJA_scaffold11349.p1	18814	AT1G60900.1
Lygodium_japonicum_LYJA_scaffold11371.p1	18875	AT1G24560.1
Lygodium_japonicum_LYJA_scaffold11375.p1	18877	AT3G54380.1
Lygodium_japonicum_LYJA_scaffold11401.p1	18879	AT3G49750.1
Lygodium_japonicum_LYJA_scaffold11423.p1	19253	AT3G23255.2
Lygodium_japonicum_LYJA_scaffold11446.p1	19254	AT4G22130.1
Lygodium_japonicum_LYJA_scaffold11453.p2	19304	AT1G61270.1
Lygodium_japonicum_LYJA_scaffold1148.p2	19329	AT3G53360.1
Lygodium_japonicum_LYJA_scaffold11514.p1	19503	AT3G23530.1
Lygodium_japonicum_LYJA_scaffold11527.p1	19512	AT3G51830.1
Lygodium_japonicum_LYJA_scaffold11579.p1	19523	AT3G51800.2
Lygodium_japonicum_LYJA_scaffold11584.p1	19527	AT4G15180.1
Lygodium_japonicum_LYJA_scaffold11604.p1	19544	AT5G05710.1
Lygodium_japonicum_LYJA_scaffold11617.p1	19547	AT4G39530.1
Lygodium_japonicum_LYJA_scaffold11618.p1	19780	AT5G61410.1
Lygodium_japonicum_LYJA_scaffold11637.p1	19783	AT5G56220.1
Lygodium_japonicum_LYJA_scaffold11642.p1	19787	AT1G01050.1
Lygodium_japonicum_LYJA_scaffold11692.p1	19793	AT5G46920.1
Lygodium_japonicum_LYJA_scaffold11701.p1	19794	AT4G20310.4
Lygodium_japonicum_LYJA_scaffold11705.p3	19796	AT1G59720.1
Lygodium_japonicum_LYJA_scaffold11711.p1	19845	AT5G15860.1
Lygodium_japonicum_LYJA_scaffold11715.p1	19851	AT3G51850.1
Lygodium_japonicum_LYJA_scaffold11720.p1	19901	AT4G31290.1
Lygodium_japonicum_LYJA_scaffold11723.p1	19904	AT3G57040.1
Lygodium_japonicum_LYJA_scaffold11725.p1	19938	AT2G38270.1
Lygodium_japonicum_LYJA_scaffold11729.p1	19946	AT5G13810.1
Lygodium_japonicum_LYJA_scaffold11742.p1	19961	AT1G03900.1
Lygodium_japonicum_LYJA_scaffold11744.p1	19963	AT1G05150.1
Lygodium_japonicum_LYJA_scaffold11753.p1	19971	AT3G49142.1
Lygodium_japonicum_LYJA_scaffold11759.p1	20097	AT3G11170.1
Lygodium_japonicum_LYJA_scaffold11762.p1	20102	AT4G00620.1
Lygodium_japonicum_LYJA_scaffold11778.p2	20106	AT3G20810.2
Lygodium_japonicum_LYJA_scaffold11810.p1	20107	AT5G54380.1
Lygodium_japonicum_LYJA_scaffold11810.p2	20182	AT3G46290.1
Lygodium_japonicum_LYJA_scaffold11811.p1	20217	AT5G54380.1
Lygodium_japonicum_LYJA_scaffold11823.p1	20267	AT3G27890.1
Lygodium_japonicum_LYJA_scaffold11853.p1	20268	AT5G08720.1
Lygodium_japonicum_LYJA_scaffold11862.p1	20269	AT1G34770.4
Lygodium_japonicum_LYJA_scaffold11880.p1	20270	AT5G38660.2
Lygodium_japonicum_LYJA_scaffold11914.p1	20271	AT3G62150.1
Lygodium_japonicum_LYJA_scaffold11921.p1	20356	AT5G65840.1
Lygodium_japonicum_LYJA_scaffold11952.p1	20358	AT5G23740.1
Lygodium_japonicum_LYJA_scaffold11954.p1	20363	AT3G47420.1
Lygodium_japonicum_LYJA_scaffold1197.p1	20368	AT4G32300.1
Lygodium_japonicum_LYJA_scaffold12014.p1	20443	AT1G64430.1
Lygodium_japonicum_LYJA_scaffold12019.p1	20444	AT1G55325.2
Lygodium_japonicum_LYJA_scaffold12028.p3	20445	AT2G22500.1
Lygodium_japonicum_LYJA_scaffold12036.p1	20451	AT5G51470.1
Lygodium_japonicum_LYJA_scaffold12068.p1	20476	AT1G63440.1
Lygodium_japonicum_LYJA_scaffold12071.p1	20511	AT3G24000.1
Lygodium_japonicum_LYJA_scaffold12084.p1	20672	AT1G18370.1
Lygodium_japonicum_LYJA_scaffold12093.p1	20680	AT5G44650.1
Lygodium_japonicum_LYJA_scaffold12096.p1	20681	AT5G13930.1
Lygodium_japonicum_LYJA_scaffold12099.p1	20688	AT4G35020.1
Lygodium_japonicum_LYJA_scaffold12100.p1	20738	AT4G22130.1
Lygodium_japonicum_LYJA_scaffold12120.p1	20788	AT1G18350.1
Lygodium_japonicum_LYJA_scaffold12139.p1	20838	AT2G22870.1
Lygodium_japonicum_LYJA_scaffold12153.p1	20843	AT4G29590.1
Lygodium_japonicum_LYJA_scaffold12184.p1	20859	AT2G15220.1
Lygodium_japonicum_LYJA_scaffold12189.p1	20861	AT3G12685.1
Lygodium_japonicum_LYJA_scaffold1221.p1	20866	AT4G27190.1
Lygodium_japonicum_LYJA_scaffold12219.p1	20872	AT4G24880.1
Lygodium_japonicum_LYJA_scaffold12234.p1	20873	AT4G38970.1
Lygodium_japonicum_LYJA_scaffold12242.p1	20881	AT1G72200.1
Lygodium_japonicum_LYJA_scaffold12262.p1	20931	AT4G00490.1
Lygodium_japonicum_LYJA_scaffold12271.p1	20940	AT5G56130.1
Lygodium_japonicum_LYJA_scaffold12272.p1	21043	AT3G23330.1
Lygodium_japonicum_LYJA_scaffold12289.p1	21225	AT3G09600.1
Lygodium_japonicum_LYJA_scaffold12304.p1	21254	AT4G11280.1
Lygodium_japonicum_LYJA_scaffold12311.p1	21278	AT3G13224.2
Lygodium_japonicum_LYJA_scaffold12315.p1	21378	AT3G07130.2
Lygodium_japonicum_LYJA_scaffold12334.p1	21398	AT4G22130.1
Lygodium_japonicum_LYJA_scaffold12356.p1	21457	AT1G30825.1
Lygodium_japonicum_LYJA_scaffold12388.p1	21459	AT1G19710.1
Lygodium_japonicum_LYJA_scaffold12412.p1	21471	AT1G79490.1
Lygodium_japonicum_LYJA_scaffold12421.p2	21606	AT2G39830.2
Lygodium_japonicum_LYJA_scaffold12434.p1	21614	AT4G30700.1
Lygodium_japonicum_LYJA_scaffold12438.p1	21804	AT2G20000.1
Lygodium_japonicum_LYJA_scaffold12454.p1	21815	AT3G16340.1
Lygodium_japonicum_LYJA_scaffold12456.p1	21849	AT5G01210.1
Lygodium_japonicum_LYJA_scaffold12460.p1	21960	AT4G07990.1
Lygodium_japonicum_LYJA_scaffold12467.p1	21988	AT1G17290.1
Lygodium_japonicum_LYJA_scaffold12483.p1	22015	AT4G21270.1
Lygodium_japonicum_LYJA_scaffold12499.p1	22065	AT4G18520.1
Lygodium_japonicum_LYJA_scaffold12514.p1	22307	AT3G01100.4
Lygodium_japonicum_LYJA_scaffold12516.p1	22321	AT3G23900.1
Lygodium_japonicum_LYJA_scaffold12536.p1	22331	AT2G35920.3
Lygodium_japonicum_LYJA_scaffold12547.p2	22354	AT3G16200.1
Lygodium_japonicum_LYJA_scaffold12551.p1	22360	AT1G11120.1
Lygodium_japonicum_LYJA_scaffold12563.p1	22365	AT4G20940.1
Lygodium_japonicum_LYJA_scaffold1258.p1	22423	AT2G25060.1
Lygodium_japonicum_LYJA_scaffold12582.p1	22464	AT4G21700.1
Lygodium_japonicum_LYJA_scaffold12594.p1	22466	AT1G49050.1
Lygodium_japonicum_LYJA_scaffold12602.p1	22517	AT4G26620.1
Lygodium_japonicum_LYJA_scaffold12613.p2	22521	AT3G14200.1
Lygodium_japonicum_LYJA_scaffold1264.p1	22571	AT1G10630.1
Lygodium_japonicum_LYJA_scaffold12643.p1	22621	AT1G12760.1
Lygodium_japonicum_LYJA_scaffold12655.p1	22671	AT5G11960.1
Lygodium_japonicum_LYJA_scaffold12660.p2	22675	AT5G07280.1
Lygodium_japonicum_LYJA_scaffold12661.p1	22909	AT4G15093.1
Lygodium_japonicum_LYJA_scaffold12676.p1	22910	AT5G23490.2
Lygodium_japonicum_LYJA_scaffold12680.p1	22913	AT4G39160.2
Lygodium_japonicum_LYJA_scaffold12682.p1	22914	AT1G13410.1
Lygodium_japonicum_LYJA_scaffold12687.p1	23093	AT3G02060.1
Lygodium_japonicum_LYJA_scaffold12695.p1	23102	AT2G42600.1
Lygodium_japonicum_LYJA_scaffold12696.p1	23106	AT2G30580.1
Lygodium_japonicum_LYJA_scaffold12717.p2	23119	AT3G47610.1
Lygodium_japonicum_LYJA_scaffold12741.p1	23137	AT2G32590.1
Lygodium_japonicum_LYJA_scaffold12746.p1	23138	AT1G59520.4
Lygodium_japonicum_LYJA_scaffold12776.p1	23139	AT5G63620.1
Lygodium_japonicum_LYJA_scaffold12801.p1	23163	AT3G09650.1
Lygodium_japonicum_LYJA_scaffold12808.p1	23297	AT5G21950.6
Lygodium_japonicum_LYJA_scaffold12822.p1	23316	AT5G10320.1
Lygodium_japonicum_LYJA_scaffold12829.p1	23373	AT1G72710.1
Lygodium_japonicum_LYJA_scaffold12848.p1	23391	AT1G17200.1
Lygodium_japonicum_LYJA_scaffold12849.p2	23394	AT5G50310.1
Lygodium_japonicum_LYJA_scaffold12851.p1	23395	AT2G35660.1
Lygodium_japonicum_LYJA_scaffold12856.p1	23403	AT5G25150.1
Lygodium_japonicum_LYJA_scaffold12881.p1	23571	AT4G32551.2
Lygodium_japonicum_LYJA_scaffold12902.p1	23676	AT5G15870.1
Lygodium_japonicum_LYJA_scaffold12908.p1	23678	AT1G78650.1
Lygodium_japonicum_LYJA_scaffold12924.p1	23681	AT5G61460.1
Lygodium_japonicum_LYJA_scaffold12935.p1	23685	AT2G45730.1
Lygodium_japonicum_LYJA_scaffold12936.p1	23687	AT3G01800.1
Lygodium_japonicum_LYJA_scaffold12951.p1	23689	AT2G33610.1
Lygodium_japonicum_LYJA_scaffold12967.p1	23709	AT1G14690.1
Lygodium_japonicum_LYJA_scaffold12983.p1	23718	AT5G62230.1
Lygodium_japonicum_LYJA_scaffold12999.p1	24084	AT1G69040.2
Lygodium_japonicum_LYJA_scaffold13001.p1	24099	AT5G12300.1
Lygodium_japonicum_LYJA_scaffold13012.p1	24105	AT3G16940.1
Lygodium_japonicum_LYJA_scaffold13013.p1	24116	AT3G61130.1
Lygodium_japonicum_LYJA_scaffold13021.p2	24144	AT3G63510.1
Lygodium_japonicum_LYJA_scaffold13026.p2	24146	AT3G18620.1
Lygodium_japonicum_LYJA_scaffold1303.p1	24147	AT2G20540.1
Lygodium_japonicum_LYJA_scaffold13040.p1	24321	AT3G63140.1
Lygodium_japonicum_LYJA_scaffold13043.p3	24323	AT1G14000.1
Lygodium_japonicum_LYJA_scaffold13065.p1	24352	AT1G09900.1
Lygodium_japonicum_LYJA_scaffold13067.p1	24591	AT1G20230.1
Lygodium_japonicum_LYJA_scaffold13082.p1	24757	AT3G24255.7
Lygodium_japonicum_LYJA_scaffold13098.p1	24759	AT1G55280.2
Lygodium_japonicum_LYJA_scaffold13099.p2	24760	AT1G53770.2
Lygodium_japonicum_LYJA_scaffold13120.p1	24763	AT1G08840.3
Lygodium_japonicum_LYJA_scaffold13122.p2	24779	AT4G33170.1
Lygodium_japonicum_LYJA_scaffold13146.p1	24829	AT5G24080.2
Lygodium_japonicum_LYJA_scaffold13158.p2	24879	AT5G05690.1
Lygodium_japonicum_LYJA_scaffold13182.p1	24965	AT3G21300.1
Lygodium_japonicum_LYJA_scaffold13194.p1	24968	AT4G17910.4
Lygodium_japonicum_LYJA_scaffold13197.p1	24969	AT5G09995.2
Lygodium_japonicum_LYJA_scaffold13200.p1	24971	AT1G29940.1
Lygodium_japonicum_LYJA_scaffold13204.p1	24977	AT1G33480.1
Lygodium_japonicum_LYJA_scaffold13205.p1	25028	AT2G47940.1
Lygodium_japonicum_LYJA_scaffold13207.p1	25037	AT4G33600.1
Lygodium_japonicum_LYJA_scaffold1322.p1	25039	AT5G62740.1
Lygodium_japonicum_LYJA_scaffold13228.p2	25045	AT5G64580.1
Lygodium_japonicum_LYJA_scaffold13236.p1	25082	AT1G51450.1
Lygodium_japonicum_LYJA_scaffold13241.p1	25084	AT5G27400.1
Lygodium_japonicum_LYJA_scaffold13243.p1	25086	AT3G63490.1
Lygodium_japonicum_LYJA_scaffold13264.p1	25117	AT4G28070.2
Lygodium_japonicum_LYJA_scaffold13271.p1	25120	AT2G04270.5
Lygodium_japonicum_LYJA_scaffold13274.p2	25121	AT3G02330.1
Lygodium_japonicum_LYJA_scaffold1329.p1	25312	AT5G42820.1
Lygodium_japonicum_LYJA_scaffold13320.p1	25317	AT1G69360.1
Lygodium_japonicum_LYJA_scaffold13324.p1	25322	AT3G24000.1
Lygodium_japonicum_LYJA_scaffold13326.p1	25514	AT5G62670.1
Lygodium_japonicum_LYJA_scaffold13329.p1	25554	AT3G11830.1
Lygodium_japonicum_LYJA_scaffold13335.p1	25575	AT3G52310.1
Lygodium_japonicum_LYJA_scaffold13338.p1	25597	AT5G01510.1
Lygodium_japonicum_LYJA_scaffold13340.p1	25603	AT4G13710.1
Lygodium_japonicum_LYJA_scaffold13341.p2	25629	AT3G01660.1
Lygodium_japonicum_LYJA_scaffold13343.p1	25631	AT1G51550.1
Lygodium_japonicum_LYJA_scaffold13346.p1	25670	AT5G66010.1
Lygodium_japonicum_LYJA_scaffold13346.p2	25684	AT5G66010.1
Lygodium_japonicum_LYJA_scaffold13350.p1	25687	AT3G09090.1
Lygodium_japonicum_LYJA_scaffold13356.p1	25688	AT1G23180.1
Lygodium_japonicum_LYJA_scaffold13370.p1	25696	AT5G53770.1
Lygodium_japonicum_LYJA_scaffold13373.p2	25698	AT3G54610.1
Lygodium_japonicum_LYJA_scaffold13379.p1	25709	AT2G47210.1
Lygodium_japonicum_LYJA_scaffold13382.p1	25710	AT4G29000.1
Lygodium_japonicum_LYJA_scaffold13395.p2	25712	AT4G11440.1
Lygodium_japonicum_LYJA_scaffold13399.p1	25808	AT2G46225.2
Lygodium_japonicum_LYJA_scaffold13408.p1	25812	AT5G47730.1
Lygodium_japonicum_LYJA_scaffold13416.p1	25841	AT1G26560.1
Lygodium_japonicum_LYJA_scaffold13420.p1	25889	AT1G79330.1
Lygodium_japonicum_LYJA_scaffold13421.p1	25895	AT5G05540.1
Lygodium_japonicum_LYJA_scaffold13442.p1	25903	AT5G47100.1
Lygodium_japonicum_LYJA_scaffold13450.p2	25937	AT1G58766.1
Lygodium_japonicum_LYJA_scaffold13458.p2	25941	AT5G23340.1
Lygodium_japonicum_LYJA_scaffold13469.p1	25970	AT5G15270.1
Lygodium_japonicum_LYJA_scaffold13477.p1	26016	AT2G21410.1
Lygodium_japonicum_LYJA_scaffold13486.p1	26019	AT5G03280.1
Lygodium_japonicum_LYJA_scaffold13491.p1	26020	AT3G60110.1
Lygodium_japonicum_LYJA_scaffold13492.p1	26036	AT3G47830.1
Lygodium_japonicum_LYJA_scaffold13494.p1	26044	AT5G44750.2
Lygodium_japonicum_LYJA_scaffold13495.p1	26045	AT3G11430.1
Lygodium_japonicum_LYJA_scaffold13510.p2	26058	AT1G77680.1
Lygodium_japonicum_LYJA_scaffold13519.p1	26059	AT1G56230.1
Lygodium_japonicum_LYJA_scaffold13529.p1	26092	AT4G09510.1
Lygodium_japonicum_LYJA_scaffold13533.p2	26101	AT1G29830.3
Lygodium_japonicum_LYJA_scaffold13542.p1	26104	AT3G46780.1
Lygodium_japonicum_LYJA_scaffold13546.p1	26106	AT3G18630.1
Lygodium_japonicum_LYJA_scaffold13547.p2	26107	AT3G45850.1
Lygodium_japonicum_LYJA_scaffold13556.p1	26110	AT5G58430.1
Lygodium_japonicum_LYJA_scaffold13569.p1	26133	AT3G11590.1
Lygodium_japonicum_LYJA_scaffold13574.p1	26138	AT5G20950.3
Lygodium_japonicum_LYJA_scaffold13580.p1	26153	AT2G20810.1
Lygodium_japonicum_LYJA_scaffold13583.p1	26169	AT1G16250.1
Lygodium_japonicum_LYJA_scaffold13599.p1	26219	AT4G12710.1
Lygodium_japonicum_LYJA_scaffold13600.p1	26269	AT4G39050.1
Lygodium_japonicum_LYJA_scaffold13602.p1	26295	AT3G02830.1
Lygodium_japonicum_LYJA_scaffold13606.p2	26326	AT5G01720.1
Lygodium_japonicum_LYJA_scaffold13614.p1	26413	AT5G51300.1
Lygodium_japonicum_LYJA_scaffold13621.p1	26486	AT4G16110.1
Lygodium_japonicum_LYJA_scaffold13630.p1	26536	AT4G12710.1
Lygodium_japonicum_LYJA_scaffold13632.p1	26581	AT1G54150.1
Lygodium_japonicum_LYJA_scaffold13639.p2	26582	AT5G07280.1
Lygodium_japonicum_LYJA_scaffold13641.p1	26632	AT4G19191.1
Lygodium_japonicum_LYJA_scaffold13652.p1	26798	AT1G04180.1
Lygodium_japonicum_LYJA_scaffold13657.p1	26813	AT3G48050.1
Lygodium_japonicum_LYJA_scaffold13688.p1	26815	AT1G69500.1
Lygodium_japonicum_LYJA_scaffold13693.p2	26865	AT2G46570.1
Lygodium_japonicum_LYJA_scaffold13694.p1	26902	AT5G15860.1
Lygodium_japonicum_LYJA_scaffold13704.p1	26917	AT1G29370.1
Lygodium_japonicum_LYJA_scaffold13728.p2	26926	AT5G08020.1
Lygodium_japonicum_LYJA_scaffold13737.p1	26932	AT1G17500.1
Lygodium_japonicum_LYJA_scaffold13738.p1	26957	AT1G79640.1
Lygodium_japonicum_LYJA_scaffold13748.p1	26969	AT2G17820.1
Lygodium_japonicum_LYJA_scaffold13759.p1	26993	AT5G20600.1
Lygodium_japonicum_LYJA_scaffold13761.p1	26994	AT5G52920.1
Lygodium_japonicum_LYJA_scaffold13767.p2	27011	AT2G04030.1
Lygodium_japonicum_LYJA_scaffold13768.p1	27018	AT5G55580.1
Lygodium_japonicum_LYJA_scaffold13774.p2	27043	AT1G71270.1
Lygodium_japonicum_LYJA_scaffold13782.p1	27045	AT2G34400.1
Lygodium_japonicum_LYJA_scaffold13790.p1	27290	AT2G39480.1
Lygodium_japonicum_LYJA_scaffold13791.p1	27332	AT5G24710.1
Lygodium_japonicum_LYJA_scaffold13809.p2	27333	AT3G45780.1
Lygodium_japonicum_LYJA_scaffold13821.p2	27345	AT3G08947.1
Lygodium_japonicum_LYJA_scaffold13823.p1	27348	AT5G22640.1
Lygodium_japonicum_LYJA_scaffold13828.p1	27349	AT1G62390.1
Lygodium_japonicum_LYJA_scaffold13831.p3	27356	AT3G25530.1
Lygodium_japonicum_LYJA_scaffold13835.p2	27368	AT1G79000.2
Lygodium_japonicum_LYJA_scaffold13847.p2	27378	AT5G60700.2
Lygodium_japonicum_LYJA_scaffold13859.p1	27382	AT3G52290.1
Lygodium_japonicum_LYJA_scaffold13862.p2	27391	AT4G13350.1
Lygodium_japonicum_LYJA_scaffold14.p1	27407	AT5G52520.1
Lygodium_japonicum_LYJA_scaffold1409.p1	27410	AT1G31860.1
Lygodium_japonicum_LYJA_scaffold1412.p1	27411	AT3G15480.1
Lygodium_japonicum_LYJA_scaffold1447.p1	27418	AT2G13600.1
Lygodium_japonicum_LYJA_scaffold1463.p1	27576	AT1G78190.1
Lygodium_japonicum_LYJA_scaffold1468.p1	27578	AT2G19480.1
Lygodium_japonicum_LYJA_scaffold1499.p1	27584	AT1G22340.1
Lygodium_japonicum_LYJA_scaffold1537.p1	27664	AT2G32900.1
Lygodium_japonicum_LYJA_scaffold1642.p1	27668	AT3G18160.3
Lygodium_japonicum_LYJA_scaffold1643.p1	27670	AT3G18160.3
Lygodium_japonicum_LYJA_scaffold1651.p1	27672	AT5G43130.2
Lygodium_japonicum_LYJA_scaffold1665.p1	27674	AT1G67640.1
Lygodium_japonicum_LYJA_scaffold168.p1	27705	AT4G14110.1
Lygodium_japonicum_LYJA_scaffold1681.p1	27706	AT1G78380.1
Lygodium_japonicum_LYJA_scaffold171.p1	27729	AT1G69420.1
Lygodium_japonicum_LYJA_scaffold1715.p1	27740	AT5G37475.1
Lygodium_japonicum_LYJA_scaffold1735.p1	27750	AT1G01350.1
Lygodium_japonicum_LYJA_scaffold1789.p1	27757	AT3G07090.1
Lygodium_japonicum_LYJA_scaffold1799.p1	27767	AT4G10500.1
Lygodium_japonicum_LYJA_scaffold1878.p1	27817	AT4G14030.1
Lygodium_japonicum_LYJA_scaffold189.p1	27820	AT5G32440.3
Lygodium_japonicum_LYJA_scaffold1962.p1	27825	AT3G52310.1
Lygodium_japonicum_LYJA_scaffold2003.p1	27918	AT2G40410.2
Lygodium_japonicum_LYJA_scaffold2023.p1	27920	AT5G53800.1
Lygodium_japonicum_LYJA_scaffold2025.p1	27921	AT5G03420.1
Lygodium_japonicum_LYJA_scaffold2026.p1	27926	AT5G53220.1
Lygodium_japonicum_LYJA_scaffold205.p1	27927	AT5G50740.3
Lygodium_japonicum_LYJA_scaffold2051.p1	27991	AT1G69530.3
Lygodium_japonicum_LYJA_scaffold2060.p1	28026	AT4G36960.1
Lygodium_japonicum_LYJA_scaffold2063.p1	28143	AT3G09340.1
Lygodium_japonicum_LYJA_scaffold2069.p1	28154	AT3G54250.1
Lygodium_japonicum_LYJA_scaffold2106.p1	28156	AT4G30820.16
Lygodium_japonicum_LYJA_scaffold2131.p1	28175	AT5G12040.1
Lygodium_japonicum_LYJA_scaffold2134.p1	28177	AT1G06820.1
Lygodium_japonicum_LYJA_scaffold2152.p1	28180	AT4G34360.1
Lygodium_japonicum_LYJA_scaffold2165.p1	28181	AT4G23430.2
Lygodium_japonicum_LYJA_scaffold2198.p1	28212	AT1G26560.1
Lygodium_japonicum_LYJA_scaffold2207.p1	28260	AT2G39130.1
Lygodium_japonicum_LYJA_scaffold221.p1	28278	AT2G33150.1
Lygodium_japonicum_LYJA_scaffold2306.p1	28283	AT1G74300.1
Lygodium_japonicum_LYJA_scaffold231.p1	28296	AT1G22340.1
Lygodium_japonicum_LYJA_scaffold2314.p1	28346	AT1G65730.1
Lygodium_japonicum_LYJA_scaffold2324.p1	28356	AT2G33680.5
Lygodium_japonicum_LYJA_scaffold2338.p1	28549	AT3G48560.1
Lygodium_japonicum_LYJA_scaffold2340.p1	28551	AT5G08160.1
Lygodium_japonicum_LYJA_scaffold2343.p1	28601	AT5G24750.1
Lygodium_japonicum_LYJA_scaffold2357.p1	28604	AT3G22110.1
Lygodium_japonicum_LYJA_scaffold2393.p1	28621	AT3G25840.1
Lygodium_japonicum_LYJA_scaffold2401.p1	28671	AT4G37200.1
Lygodium_japonicum_LYJA_scaffold2441.p1	28703	AT1G07650.2
Lygodium_japonicum_LYJA_scaffold2470.p1	28749	AT4G18520.1
Lygodium_japonicum_LYJA_scaffold2497.p1	28983	AT3G15480.1
Lygodium_japonicum_LYJA_scaffold2501.p1	28990	AT2G22250.2
Lygodium_japonicum_LYJA_scaffold2503.p1	29020	AT1G54290.1
Lygodium_japonicum_LYJA_scaffold2520.p1	29024	AT5G60640.1
Lygodium_japonicum_LYJA_scaffold2536.p1	29061	AT5G27490.1
Lygodium_japonicum_LYJA_scaffold2538.p1	29068	AT1G66870.2
Lygodium_japonicum_LYJA_scaffold2545.p1	29116	AT1G06460.1
Lygodium_japonicum_LYJA_scaffold2578.p1	29128	AT5G20120.1
Lygodium_japonicum_LYJA_scaffold2603.p1	29129	AT3G60800.1
Lygodium_japonicum_LYJA_scaffold2607.p1	29153	AT4G25270.1
Lygodium_japonicum_LYJA_scaffold2618.p1	29370	AT5G27120.1
Lygodium_japonicum_LYJA_scaffold2625.p1	29377	AT5G02810.1
Lygodium_japonicum_LYJA_scaffold2635.p1	29405	AT5G39980.1
Lygodium_japonicum_LYJA_scaffold2648.p1	29515	AT1G60780.1
Lygodium_japonicum_LYJA_scaffold2684.p1	29521	AT1G18270.3
Lygodium_japonicum_LYJA_scaffold2695.p1	29546	AT5G16570.1
Lygodium_japonicum_LYJA_scaffold2721.p1	29552	AT5G42820.1
Lygodium_japonicum_LYJA_scaffold2724.p1	29560	AT5G47690.3
Lygodium_japonicum_LYJA_scaffold2725.p1	29574	AT2G37840.1
Lygodium_japonicum_LYJA_scaffold2757.p1	29658	AT4G08540.1
Lygodium_japonicum_LYJA_scaffold2764.p1	29660	AT1G14440.1
Lygodium_japonicum_LYJA_scaffold2773.p1	29679	AT4G13010.1
Lygodium_japonicum_LYJA_scaffold2774.p1	29689	AT4G18520.1
Lygodium_japonicum_LYJA_scaffold2778.p1	29901	AT1G72480.1
Lygodium_japonicum_LYJA_scaffold2799.p1	29906	AT3G47550.3
Lygodium_japonicum_LYJA_scaffold2808.p1	29929	AT5G48930.1
Lygodium_japonicum_LYJA_scaffold2819.p1	29979	AT5G11650.1
Lygodium_japonicum_LYJA_scaffold2826.p1	29997	AT3G57610.1
Lygodium_japonicum_LYJA_scaffold2846.p1	29998	AT3G46870.2
Lygodium_japonicum_LYJA_scaffold2856.p1	30078	AT3G24760.1
Lygodium_japonicum_LYJA_scaffold286.p1	30079	AT5G56890.1
Lygodium_japonicum_LYJA_scaffold2860.p1	30129	AT1G10380.1
Lygodium_japonicum_LYJA_scaffold2906.p1	30134	AT3G05250.1
Lygodium_japonicum_LYJA_scaffold2930.p1	30138	AT1G74550.1
Lygodium_japonicum_LYJA_scaffold2946.p1	30188	AT1G22400.1
Lygodium_japonicum_LYJA_scaffold2950.p1	30238	AT5G61190.5
Lygodium_japonicum_LYJA_scaffold2968.p1	30242	AT3G53570.1
Lygodium_japonicum_LYJA_scaffold2982.p1	30266	AT2G05230.1
Lygodium_japonicum_LYJA_scaffold3050.p1	30300	AT2G26710.1
Lygodium_japonicum_LYJA_scaffold3062.p1	30350	AT3G15010.1
Lygodium_japonicum_LYJA_scaffold3063.p1	30440	AT3G15010.1
Lygodium_japonicum_LYJA_scaffold3067.p1	30530	AT1G10840.1
Lygodium_japonicum_LYJA_scaffold3110.p1	30533	AT1G27880.1
Lygodium_japonicum_LYJA_scaffold3119.p1	30534	AT5G65860.1
Lygodium_japonicum_LYJA_scaffold3126.p1	30535	AT5G40670.1
Lygodium_japonicum_LYJA_scaffold3152.p1	30536	AT3G12500.1
Lygodium_japonicum_LYJA_scaffold3159.p1	30551	AT3G29185.1
Lygodium_japonicum_LYJA_scaffold3174.p1	30552	AT2G39940.1
Lygodium_japonicum_LYJA_scaffold3228.p1	30563	AT3G19260.1
Lygodium_japonicum_LYJA_scaffold3241.p1	30567	AT3G09040.2
Lygodium_japonicum_LYJA_scaffold3247.p1	30768	AT2G13360.1
Lygodium_japonicum_LYJA_scaffold3266.p1	30769	AT5G20650.1
Lygodium_japonicum_LYJA_scaffold3279.p1	30805	AT1G51410.1
Lygodium_japonicum_LYJA_scaffold3280.p1	30829	AT1G16610.3
Lygodium_japonicum_LYJA_scaffold3298.p1	30887	AT5G42820.1
Lygodium_japonicum_LYJA_scaffold3326.p1	30892	AT1G08125.2
Lygodium_japonicum_LYJA_scaffold3328.p1	30903	AT1G71695.1
Lygodium_japonicum_LYJA_scaffold3369.p2	30955	AT5G49560.1
Lygodium_japonicum_LYJA_scaffold3376.p1	30964	AT1G50010.1
Lygodium_japonicum_LYJA_scaffold3384.p1	30981	AT2G16940.2
Lygodium_japonicum_LYJA_scaffold3414.p1	31056	AT1G29880.1
Lygodium_japonicum_LYJA_scaffold3424.p2	31057	AT4G37870.1
Lygodium_japonicum_LYJA_scaffold3442.p1	31059	AT2G01770.1
Lygodium_japonicum_LYJA_scaffold3448.p1	31060	AT1G25380.1
Lygodium_japonicum_LYJA_scaffold35.p1	31165	AT5G63480.1
Lygodium_japonicum_LYJA_scaffold3502.p1	31166	AT5G20960.1
Lygodium_japonicum_LYJA_scaffold3521.p1	31177	AT5G56580.1
Lygodium_japonicum_LYJA_scaffold3529.p1	31228	AT1G72410.1
Lygodium_japonicum_LYJA_scaffold3534.p1	31231	AT3G10150.2
Lygodium_japonicum_LYJA_scaffold3557.p1	31235	AT4G36180.1
Lygodium_japonicum_LYJA_scaffold358.p2	31285	AT2G33760.1
Lygodium_japonicum_LYJA_scaffold3593.p1	31479	AT3G17860.1
Lygodium_japonicum_LYJA_scaffold3613.p1	31491	AT3G44200.1
Lygodium_japonicum_LYJA_scaffold3620.p1	31501	AT1G68890.1
Lygodium_japonicum_LYJA_scaffold363.p1	31505	AT3G14420.1
Lygodium_japonicum_LYJA_scaffold3640.p1	31510	AT3G15020.1
Lygodium_japonicum_LYJA_scaffold3661.p1	31520	AT4G18520.1
Lygodium_japonicum_LYJA_scaffold3665.p1	31721	AT1G73460.1
Lygodium_japonicum_LYJA_scaffold3673.p1	31772	AT1G16540.3
Lygodium_japonicum_LYJA_scaffold3678.p1	31775	AT1G23190.1
Lygodium_japonicum_LYJA_scaffold370.p1	31778	AT1G31330.1
Lygodium_japonicum_LYJA_scaffold3702.p1	31779	AT5G57410.3
Lygodium_japonicum_LYJA_scaffold3715.p1	31783	AT4G05590.2
Lygodium_japonicum_LYJA_scaffold3733.p1	31785	AT3G07020.1
Lygodium_japonicum_LYJA_scaffold3740.p1	31788	AT3G46510.1
Lygodium_japonicum_LYJA_scaffold3772.p1	31853	AT2G38040.1
Lygodium_japonicum_LYJA_scaffold3787.p1	31861	AT1G66970.2
Lygodium_japonicum_LYJA_scaffold3787.p2	31854	AT5G58170.1
Lygodium_japonicum_LYJA_scaffold3800.p1	31870	AT4G02790.1
Lygodium_japonicum_LYJA_scaffold3804.p1	31879	AT2G40800.1
Lygodium_japonicum_LYJA_scaffold3806.p1	31881	AT1G80670.1
Lygodium_japonicum_LYJA_scaffold3845.p1	31954	AT5G62960.1
Lygodium_japonicum_LYJA_scaffold3852.p1	31959	AT3G26935.1
Lygodium_japonicum_LYJA_scaffold3857.p1	31983	AT4G36720.1
Lygodium_japonicum_LYJA_scaffold3864.p1	31995	AT4G16270.1
Lygodium_japonicum_LYJA_scaffold3870.p1	32045	AT4G37170.1
Lygodium_japonicum_LYJA_scaffold389.p1	32095	AT2G17040.1
Lygodium_japonicum_LYJA_scaffold390.p1	32146	AT5G02770.1
Lygodium_japonicum_LYJA_scaffold3904.p1	32147	AT5G11840.1
Lygodium_japonicum_LYJA_scaffold3953.p4	32152	AT5G64200.1
Lygodium_japonicum_LYJA_scaffold3966.p1	32211	AT1G58170.1
Lygodium_japonicum_LYJA_scaffold3976.p1	32232	AT1G12390.1
Lygodium_japonicum_LYJA_scaffold3985.p1	32237	AT5G07990.1
Lygodium_japonicum_LYJA_scaffold399.p1	32287	AT1G75280.1
Lygodium_japonicum_LYJA_scaffold4.p1	32295	AT4G32360.1
Lygodium_japonicum_LYJA_scaffold4001.p1	32296	AT1G30270.1
Lygodium_japonicum_LYJA_scaffold4013.p1	32346	AT4G37510.1
Lygodium_japonicum_LYJA_scaffold4021.p1	32348	AT3G28730.1
Lygodium_japonicum_LYJA_scaffold4044.p1	32359	AT2G17975.1
Lygodium_japonicum_LYJA_scaffold4062.p1	32366	AT2G06005.1
Lygodium_japonicum_LYJA_scaffold4072.p1	32377	AT5G03230.1
Lygodium_japonicum_LYJA_scaffold41.p1	32383	AT2G33680.5
Lygodium_japonicum_LYJA_scaffold4146.p1	32575	AT1G26370.1
Lygodium_japonicum_LYJA_scaffold4157.p3	32598	AT5G48930.1
Lygodium_japonicum_LYJA_scaffold4171.p1	32624	AT2G28890.1
Lygodium_japonicum_LYJA_scaffold4216.p1	32727	AT3G15130.1
Lygodium_japonicum_LYJA_scaffold4235.p1	32814	AT3G58610.1
Lygodium_japonicum_LYJA_scaffold4264.p1	32820	AT2G22240.1
Lygodium_japonicum_LYJA_scaffold4272.p1	32823	AT1G42540.1
Lygodium_japonicum_LYJA_scaffold4284.p1	32843	AT1G08960.1
Lygodium_japonicum_LYJA_scaffold4301.p1	32848	AT4G30610.1
Lygodium_japonicum_LYJA_scaffold4326.p1	32898	AT4G22720.1
Lygodium_japonicum_LYJA_scaffold4337.p1	32900	AT3G03330.1
Lygodium_japonicum_LYJA_scaffold4352.p1	32951	AT2G44740.1
Lygodium_japonicum_LYJA_scaffold4399.p1	33009	AT1G61290.1
Lygodium_japonicum_LYJA_scaffold4451.p1	33018	AT3G16260.1
Lygodium_japonicum_LYJA_scaffold4486.p1	33020	AT4G17380.1
Lygodium_japonicum_LYJA_scaffold4613.p1	33025	AT4G14100.1
Lygodium_japonicum_LYJA_scaffold4652.p1	33032	AT5G55610.1
Lygodium_japonicum_LYJA_scaffold4710.p1	33033	AT1G74910.1
Lygodium_japonicum_LYJA_scaffold4711.p1	33038	AT1G10200.1
Lygodium_japonicum_LYJA_scaffold472.p1	33047	AT5G05170.1
Lygodium_japonicum_LYJA_scaffold4751.p1	33077	AT2G36320.1
Lygodium_japonicum_LYJA_scaffold4765.p1	33090	AT1G65520.1
Lygodium_japonicum_LYJA_scaffold4776.p1	33096	AT4G01395.1
Lygodium_japonicum_LYJA_scaffold4794.p1	33097	AT2G01120.2
Lygodium_japonicum_LYJA_scaffold4835.p1	33098	AT3G02010.1
Lygodium_japonicum_LYJA_scaffold486.p1	33206	AT1G68570.1
Lygodium_japonicum_LYJA_scaffold4871.p1	33259	AT5G63420.1
Lygodium_japonicum_LYJA_scaffold4921.p1	33271	AT2G42620.1
Lygodium_japonicum_LYJA_scaffold4944.p1	33303	AT4G27710.1
Lygodium_japonicum_LYJA_scaffold4983.p1	33358	AT1G01630.1
Lygodium_japonicum_LYJA_scaffold5000.p1	33388	AT1G49950.1
Lygodium_japonicum_LYJA_scaffold5008.p1	33401	AT1G26480.1
Lygodium_japonicum_LYJA_scaffold5015.p2	33416	AT4G16160.2
Lygodium_japonicum_LYJA_scaffold506.p1	33419	AT3G26560.1
Lygodium_japonicum_LYJA_scaffold5062.p1	33440	AT1G12350.1
Lygodium_japonicum_LYJA_scaffold5077.p1	33443	AT2G17510.2
Lygodium_japonicum_LYJA_scaffold5102.p1	33446	AT2G39940.1
Lygodium_japonicum_LYJA_scaffold5122.p1	33453	AT4G34110.1
Lygodium_japonicum_LYJA_scaffold5143.p1	33575	AT5G36120.1
Lygodium_japonicum_LYJA_scaffold5156.p1	33576	AT2G30910.1
Lygodium_japonicum_LYJA_scaffold5158.p1	33585	AT5G25830.1
Lygodium_japonicum_LYJA_scaffold5166.p1	33615	AT4G21300.1
Lygodium_japonicum_LYJA_scaffold5183.p1	33787	AT3G04290.1
Lygodium_japonicum_LYJA_scaffold5255.p1	33839	AT1G34640.1
Lygodium_japonicum_LYJA_scaffold5257.p1	33840	AT5G48570.1
Lygodium_japonicum_LYJA_scaffold5261.p1	33877	AT5G61850.2
Lygodium_japonicum_LYJA_scaffold527.p1	33879	AT4G29130.1
Lygodium_japonicum_LYJA_scaffold5286.p1	33886	AT5G15450.1
Lygodium_japonicum_LYJA_scaffold5314.p1	33902	AT1G22380.1
Lygodium_japonicum_LYJA_scaffold5350.p1	33953	AT1G69240.1
Lygodium_japonicum_LYJA_scaffold5366.p2	33973	AT4G00810.1
Lygodium_japonicum_LYJA_scaffold5370.p1	33976	AT5G10190.1
Lygodium_japonicum_LYJA_scaffold5371.p1	33980	AT3G28970.1
Lygodium_japonicum_LYJA_scaffold5383.p1	33983	AT1G59990.1
Lygodium_japonicum_LYJA_scaffold5389.p1	34040	AT4G03510.1
Lygodium_japonicum_LYJA_scaffold5398.p1	34078	AT5G21160.3
Lygodium_japonicum_LYJA_scaffold5408.p1	34084	AT3G21190.1
Lygodium_japonicum_LYJA_scaffold5419.p1	34118	AT1G74270.1
Lygodium_japonicum_LYJA_scaffold5434.p1	34122	AT2G23810.1
Lygodium_japonicum_LYJA_scaffold5451.p1	34136	AT5G13690.1
Lygodium_japonicum_LYJA_scaffold5470.p1	34138	AT3G44620.2
Lygodium_japonicum_LYJA_scaffold5485.p1	34141	AT3G55610.1
Lygodium_japonicum_LYJA_scaffold5498.p1	34149	AT3G46790.1
Lygodium_japonicum_LYJA_scaffold5505.p1	34370	AT4G00340.1
Lygodium_japonicum_LYJA_scaffold5527.p1	34382	AT5G10980.1
Lygodium_japonicum_LYJA_scaffold5544.p1	34398	AT3G20660.1
Lygodium_japonicum_LYJA_scaffold5545.p1	34399	AT5G64290.1
Lygodium_japonicum_LYJA_scaffold5610.p1	34402	AT3G46740.1
Lygodium_japonicum_LYJA_scaffold5632.p1	34409	AT2G47590.1
Lygodium_japonicum_LYJA_scaffold5636.p1	34411	AT3G01500.2
Lygodium_japonicum_LYJA_scaffold5638.p1	34417	AT2G46920.1
Lygodium_japonicum_LYJA_scaffold5670.p1	34455	AT5G05170.1
Lygodium_japonicum_LYJA_scaffold5720.p1	34487	AT5G16080.1
Lygodium_japonicum_LYJA_scaffold5755.p1	34492	AT2G26280.1
Lygodium_japonicum_LYJA_scaffold5757.p1	34498	AT2G23540.1
Lygodium_japonicum_LYJA_scaffold5758.p1	34548	AT5G65110.1
Lygodium_japonicum_LYJA_scaffold5771.p1	34552	AT3G54640.1
Lygodium_japonicum_LYJA_scaffold5795.p1	34554	AT1G48090.2
Lygodium_japonicum_LYJA_scaffold5807.p1	34557	AT4G28100.1
Lygodium_japonicum_LYJA_scaffold5832.p1	34560	AT2G26800.2
Lygodium_japonicum_LYJA_scaffold5838.p1	34563	AT1G13750.1
Lygodium_japonicum_LYJA_scaffold5840.p1	34582	AT1G07780.1
Lygodium_japonicum_LYJA_scaffold5862.p1	34585	AT1G28490.1
Lygodium_japonicum_LYJA_scaffold5867.p1	34588	AT3G55005.1
Lygodium_japonicum_LYJA_scaffold5887.p1	34590	AT4G19610.1
Lygodium_japonicum_LYJA_scaffold5926.p1	34658	AT1G33330.1
Lygodium_japonicum_LYJA_scaffold5970.p1	34663	AT3G04610.1
Lygodium_japonicum_LYJA_scaffold5981.p1	34696	AT2G26430.1
Lygodium_japonicum_LYJA_scaffold6001.p1	34702	AT3G21720.1
Lygodium_japonicum_LYJA_scaffold6012.p2	34703	AT3G13682.1
Lygodium_japonicum_LYJA_scaffold6072.p1	34716	AT3G03050.1
Lygodium_japonicum_LYJA_scaffold6081.p1	34732	AT1G68540.1
Lygodium_japonicum_LYJA_scaffold6119.p1	34759	AT1G69980.1
Lygodium_japonicum_LYJA_scaffold6132.p1	34762	AT3G22220.1
Lygodium_japonicum_LYJA_scaffold615.p1	34766	AT1G64980.2
Lygodium_japonicum_LYJA_scaffold6156.p1	34767	AT3G44150.1
Lygodium_japonicum_LYJA_scaffold62.p1	34769	AT2G26180.1
Lygodium_japonicum_LYJA_scaffold6208.p1	34803	AT3G13224.2
Lygodium_japonicum_LYJA_scaffold6217.p1	34901	AT5G48030.1
Lygodium_japonicum_LYJA_scaffold6222.p1	34957	AT2G17520.1
Lygodium_japonicum_LYJA_scaffold6237.p1	35010	AT5G24870.1
Lygodium_japonicum_LYJA_scaffold6250.p1	35057	AT1G16590.1
Lygodium_japonicum_LYJA_scaffold6268.p1	35059	AT1G28120.1
Lygodium_japonicum_LYJA_scaffold6285.p1	35190	AT4G37930.1
Lygodium_japonicum_LYJA_scaffold6295.p1	35198	AT2G17430.1
Lygodium_japonicum_LYJA_scaffold6325.p1	35213	AT5G59300.1
Lygodium_japonicum_LYJA_scaffold6348.p1	35261	AT5G46050.1
Lygodium_japonicum_LYJA_scaffold6354.p1	35311	AT4G33990.1
Lygodium_japonicum_LYJA_scaffold6365.p1	35373	AT1G76490.1
Lygodium_japonicum_LYJA_scaffold6372.p1	35375	AT1G34350.2
Lygodium_japonicum_LYJA_scaffold641.p1	35376	AT2G27170.1
Lygodium_japonicum_LYJA_scaffold6421.p1	35381	AT5G08400.1
Lygodium_japonicum_LYJA_scaffold6431.p1	35383	AT2G19690.2
Lygodium_japonicum_LYJA_scaffold6488.p2	35387	AT4G21065.1
Lygodium_japonicum_LYJA_scaffold6508.p1	35437	AT5G58070.1
Lygodium_japonicum_LYJA_scaffold6550.p1	35440	AT5G55160.2
Lygodium_japonicum_LYJA_scaffold6579.p1	35448	AT3G09040.2
Lygodium_japonicum_LYJA_scaffold6583.p1	35641	AT2G13540.1
Lygodium_japonicum_LYJA_scaffold6603.p1	35642	AT4G34730.1
Lygodium_japonicum_LYJA_scaffold6608.p1	35643	AT5G48250.1
Lygodium_japonicum_LYJA_scaffold6627.p1	35656	AT5G48120.1
Lygodium_japonicum_LYJA_scaffold6644.p1	35658	AT4G02580.1
Lygodium_japonicum_LYJA_scaffold6652.p1	35659	AT4G08920.1
Lygodium_japonicum_LYJA_scaffold6658.p1	35663	AT3G28670.2
Lygodium_japonicum_LYJA_scaffold6691.p2	35665	AT1G19180.1
Lygodium_japonicum_LYJA_scaffold6706.p1	35670	AT2G38560.1
Lygodium_japonicum_LYJA_scaffold6707.p1	35688	AT2G30390.2
Lygodium_japonicum_LYJA_scaffold6725.p1	35690	AT4G24770.1
Lygodium_japonicum_LYJA_scaffold6728.p1	35792	AT5G01960.1
Lygodium_japonicum_LYJA_scaffold6768.p1	35842	AT4G18750.1
Lygodium_japonicum_LYJA_scaffold6787.p1	36023	AT3G46940.2
Lygodium_japonicum_LYJA_scaffold6801.p1	36024	AT5G47100.1
Lygodium_japonicum_LYJA_scaffold6881.p1	36066	AT3G52140.4
Lygodium_japonicum_LYJA_scaffold6900.p1	36080	AT5G53150.2
Lygodium_japonicum_LYJA_scaffold6908.p1	36102	AT5G15080.1
Lygodium_japonicum_LYJA_scaffold6920.p1	36152	AT5G20090.1
Lygodium_japonicum_LYJA_scaffold6927.p1	36156	AT3G09900.1
Lygodium_japonicum_LYJA_scaffold6932.p1	36206	AT1G75390.1
Lygodium_japonicum_LYJA_scaffold6942.p1	36245	AT1G50010.1
Lygodium_japonicum_LYJA_scaffold6953.p1	36262	AT2G40090.1
Lygodium_japonicum_LYJA_scaffold6955.p1	36279	AT3G18140.1
Lygodium_japonicum_LYJA_scaffold696.p1	36429	AT1G23800.1
Lygodium_japonicum_LYJA_scaffold6974.p1	36443	AT5G22400.1
Lygodium_japonicum_LYJA_scaffold6976.p1	36448	AT3G25980.1
Lygodium_japonicum_LYJA_scaffold7010.p1	36450	AT1G14710.1
Lygodium_japonicum_LYJA_scaffold7017.p2	36456	AT3G10340.1
Lygodium_japonicum_LYJA_scaffold7061.p1	36467	AT5G16740.1
Lygodium_japonicum_LYJA_scaffold7107.p1	36475	AT5G07280.1
Lygodium_japonicum_LYJA_scaffold7125.p2	36525	AT3G09580.1
Lygodium_japonicum_LYJA_scaffold7153.p1	36526	AT4G01210.1
Lygodium_japonicum_LYJA_scaffold7170.p1	36528	AT5G41040.1
Lygodium_japonicum_LYJA_scaffold7178.p1	36578	AT2G45130.1
Lygodium_japonicum_LYJA_scaffold7198.p1	36587	AT3G46790.1
Lygodium_japonicum_LYJA_scaffold7210.p1	36791	AT2G21950.1
Lygodium_japonicum_LYJA_scaffold7214.p1	36827	AT5G16630.1
Lygodium_japonicum_LYJA_scaffold7220.p1	36828	AT1G27940.1
Lygodium_japonicum_LYJA_scaffold7236.p1	36914	AT4G22240.1
Lygodium_japonicum_LYJA_scaffold7317.p1	36920	AT1G16220.1
Lygodium_japonicum_LYJA_scaffold7339.p1	36970	AT3G56190.1
Lygodium_japonicum_LYJA_scaffold7351.p1	36972	AT3G12280.1
Lygodium_japonicum_LYJA_scaffold7352.p1	36973	AT1G11755.1
Lygodium_japonicum_LYJA_scaffold7382.p1	36974	AT5G38890.1
Lygodium_japonicum_LYJA_scaffold7428.p1	36975	AT1G76870.1
Lygodium_japonicum_LYJA_scaffold7444.p1	36980	AT4G09060.2
Lygodium_japonicum_LYJA_scaffold7477.p1	36984	AT3G07930.3
Lygodium_japonicum_LYJA_scaffold7525.p1	36986	AT4G17880.1
Lygodium_japonicum_LYJA_scaffold7535.p1	37036	AT1G09430.1
Lygodium_japonicum_LYJA_scaffold7540.p1	37039	AT3G09040.2
Lygodium_japonicum_LYJA_scaffold7558.p1	37275	AT1G47056.1
Lygodium_japonicum_LYJA_scaffold7608.p1	37298	AT2G32380.1
Lygodium_japonicum_LYJA_scaffold7629.p1	37302	AT3G54500.3
Lygodium_japonicum_LYJA_scaffold7688.p1	37307	AT3G25560.3
Lygodium_japonicum_LYJA_scaffold7722.p1	37461	AT3G22425.2
Lygodium_japonicum_LYJA_scaffold7749.p1	37463	AT1G19970.1
Lygodium_japonicum_LYJA_scaffold7753.p1	37470	AT3G07670.1
Lygodium_japonicum_LYJA_scaffold7774.p1	37479	AT1G19440.1
Lygodium_japonicum_LYJA_scaffold7775.p1	37503	AT2G26250.1
Lygodium_japonicum_LYJA_scaffold7825.p1	37527	AT1G76480.2
Lygodium_japonicum_LYJA_scaffold7836.p1	37579	AT4G14540.1
Lygodium_japonicum_LYJA_scaffold7865.p1	37592	AT1G66230.1
Lygodium_japonicum_LYJA_scaffold7866.p1	37642	AT5G42650.1
Lygodium_japonicum_LYJA_scaffold7877.p1	37645	AT5G44635.2
Lygodium_japonicum_LYJA_scaffold7888.p1	37654	AT3G22470.1
Lygodium_japonicum_LYJA_scaffold7894.p1	38110	AT4G21120.1
Lygodium_japonicum_LYJA_scaffold7905.p1	38126	AT3G46790.1
Lygodium_japonicum_LYJA_scaffold7906.p1	38298	AT3G48500.2
Lygodium_japonicum_LYJA_scaffold7925.p1	38299	AT2G47350.1
Lygodium_japonicum_LYJA_scaffold7938.p1	38302	AT2G42810.2
Lygodium_japonicum_LYJA_scaffold7939.p1	38361	AT1G13980.1
Lygodium_japonicum_LYJA_scaffold7988.p1	38364	AT5G25760.1
Lygodium_japonicum_LYJA_scaffold8030.p2	38411	AT1G17840.1
Lygodium_japonicum_LYJA_scaffold8070.p1	38474	AT3G19440.1
Lygodium_japonicum_LYJA_scaffold8080.p1	38475	AT1G07590.1
Lygodium_japonicum_LYJA_scaffold8106.p1	38626	AT1G47740.1
Lygodium_japonicum_LYJA_scaffold8188.p1	38650	AT4G36960.1
Lygodium_japonicum_LYJA_scaffold8194.p1	38779	AT4G34660.1
Lygodium_japonicum_LYJA_scaffold8207.p1	38784	AT3G25570.1
Lygodium_japonicum_LYJA_scaffold8216.p1	38789	AT1G20140.1
Lygodium_japonicum_LYJA_scaffold8275.p1	38808	AT2G43160.1
Lygodium_japonicum_LYJA_scaffold8297.p1	38816	AT2G39700.1
Lygodium_japonicum_LYJA_scaffold8304.p1	38863	AT1G08830.1
Lygodium_japonicum_LYJA_scaffold8326.p1	38867	AT3G55830.1
Lygodium_japonicum_LYJA_scaffold8331.p1	38871	AT2G45010.1
Lygodium_japonicum_LYJA_scaffold8339.p1	38887	AT1G16340.4
Lygodium_japonicum_LYJA_scaffold8366.p1	38889	AT3G27090.1
Lygodium_japonicum_LYJA_scaffold8373.p1	38896	AT4G31180.1
Lygodium_japonicum_LYJA_scaffold8390.p1	38906	AT5G27990.1
Lygodium_japonicum_LYJA_scaffold8397.p1	38908	AT3G04240.1
Lygodium_japonicum_LYJA_scaffold8403.p1	38952	AT5G41310.1
Lygodium_japonicum_LYJA_scaffold8431.p1	39002	AT5G60620.1
Lygodium_japonicum_LYJA_scaffold851.p1	39005	AT1G01820.1
Lygodium_japonicum_LYJA_scaffold8510.p1	39008	AT1G72280.1
Lygodium_japonicum_LYJA_scaffold8534.p1	39012	AT1G30330.2
Lygodium_japonicum_LYJA_scaffold8556.p1	39060	AT4G23100.1
Lygodium_japonicum_LYJA_scaffold8559.p1	39061	AT1G16780.1
Lygodium_japonicum_LYJA_scaffold8583.p1	39064	AT5G05170.1
Lygodium_japonicum_LYJA_scaffold8612.p1	39096	AT5G43822.1
Lygodium_japonicum_LYJA_scaffold8626.p1	39097	AT3G14420.1
Lygodium_japonicum_LYJA_scaffold8629.p1	39102	AT1G62660.1
Lygodium_japonicum_LYJA_scaffold8648.p1	39110	AT1G76450.1
Lygodium_japonicum_LYJA_scaffold8671.p1	39111	AT5G14640.1
Lygodium_japonicum_LYJA_scaffold8707.p1	39161	AT5G47650.2
Lygodium_japonicum_LYJA_scaffold871.p1	39170	AT5G05600.1
Lygodium_japonicum_LYJA_scaffold8711.p1	39220	AT4G05530.1
Lygodium_japonicum_LYJA_scaffold8713.p1	39270	AT3G49680.1
Lygodium_japonicum_LYJA_scaffold8719.p1	39278	AT2G41620.1
Lygodium_japonicum_LYJA_scaffold8761.p1	39280	AT3G09410.1
Lygodium_japonicum_LYJA_scaffold8812.p1	39320	AT4G21820.3
Lygodium_japonicum_LYJA_scaffold8829.p1	39328	AT5G05200.1
Lygodium_japonicum_LYJA_scaffold8835.p1	39345	AT2G16630.1
Lygodium_japonicum_LYJA_scaffold8841.p1	39349	AT3G08760.1
Lygodium_japonicum_LYJA_scaffold8850.p1	39399	AT1G25450.1
Lygodium_japonicum_LYJA_scaffold8867.p1	39422	AT2G05790.1
Lygodium_japonicum_LYJA_scaffold8914.p1	39475	AT3G54140.1
Lygodium_japonicum_LYJA_scaffold8917.p1	39525	AT2G31140.1
Lygodium_japonicum_LYJA_scaffold8952.p1	39530	AT1G67940.1
Lygodium_japonicum_LYJA_scaffold8962.p1	39617	AT5G37530.1
Lygodium_japonicum_LYJA_scaffold8982.p1	39621	AT4G18810.2
Lygodium_japonicum_LYJA_scaffold8983.p1	39631	AT1G11290.1
Lygodium_japonicum_LYJA_scaffold8988.p1	39797	AT4G30150.1
Lygodium_japonicum_LYJA_scaffold9011.p1	39798	AT2G21960.1
Lygodium_japonicum_LYJA_scaffold9062.p1	39802	AT2G43235.1
Lygodium_japonicum_LYJA_scaffold9075.p1	39803	AT5G15050.1
Lygodium_japonicum_LYJA_scaffold9079.p1	39814	AT5G06540.1
Lygodium_japonicum_LYJA_scaffold9094.p1	39972	AT5G55580.1
Lygodium_japonicum_LYJA_scaffold9098.p1	40011	AT4G10110.1
Lygodium_japonicum_LYJA_scaffold9123.p1	40075	AT2G05840.1
Lygodium_japonicum_LYJA_scaffold9142.p1	40089	AT5G64830.1
Lygodium_japonicum_LYJA_scaffold9147.p1	40092	AT1G01050.1
Lygodium_japonicum_LYJA_scaffold9163.p1	40098	AT2G14110.1
Lygodium_japonicum_LYJA_scaffold9175.p2	40099	AT1G61850.2
Lygodium_japonicum_LYJA_scaffold9180.p1	40100	AT4G09810.1
Lygodium_japonicum_LYJA_scaffold9191.p1	40122	AT1G01510.1
Lygodium_japonicum_LYJA_scaffold9210.p1	40131	AT5G05610.1
Lygodium_japonicum_LYJA_scaffold9255.p1	40145	AT3G02920.1
Lygodium_japonicum_LYJA_scaffold9273.p1	40148	AT3G20060.1
Lygodium_japonicum_LYJA_scaffold9291.p1	40193	AT3G10690.1
Lygodium_japonicum_LYJA_scaffold9297.p1	40195	AT4G34860.1
Lygodium_japonicum_LYJA_scaffold9306.p1	40204	AT1G06430.1
Lygodium_japonicum_LYJA_scaffold9311.p1	40260	AT3G26430.1
Lygodium_japonicum_LYJA_scaffold9314.p1	40310	AT1G22370.2
Lygodium_japonicum_LYJA_scaffold9328.p1	40381	AT1G72680.1
Lygodium_japonicum_LYJA_scaffold9335.p1	40401	AT5G59200.1
Lygodium_japonicum_LYJA_scaffold9342.p1	40581	AT4G39870.1
Lygodium_japonicum_LYJA_scaffold9377.p1	40584	AT3G47550.3
Lygodium_japonicum_LYJA_scaffold9402.p1	40604	AT4G19600.1
Lygodium_japonicum_LYJA_scaffold9418.p1	40612	AT4G30700.1
Lygodium_japonicum_LYJA_scaffold9428.p1	40803	AT3G02065.2
Lygodium_japonicum_LYJA_scaffold9432.p1	40853	AT3G47690.1
Lygodium_japonicum_LYJA_scaffold9451.p1	40862	AT1G61560.1
Lygodium_japonicum_LYJA_scaffold9452.p1	40877	AT4G36390.1
Lygodium_japonicum_LYJA_scaffold9456.p1	40879	AT5G65310.1
Lygodium_japonicum_LYJA_scaffold9480.p1	40928	AT4G18910.1
Lygodium_japonicum_LYJA_scaffold9533.p1	40962	AT3G11900.1
Lygodium_japonicum_LYJA_scaffold9558.p1	40968	AT5G65180.1
Lygodium_japonicum_LYJA_scaffold9579.p1	40971	AT4G39970.1
Lygodium_japonicum_LYJA_scaffold9588.p1	40980	AT4G28200.1
Lygodium_japonicum_LYJA_scaffold9642.p1	40981	AT3G27890.1
Lygodium_japonicum_LYJA_scaffold9655.p1	40982	AT2G43710.1
Lygodium_japonicum_LYJA_scaffold9659.p1	40989	AT5G13930.1
Lygodium_japonicum_LYJA_scaffold9683.p1	41012	AT2G01830.2
Lygodium_japonicum_LYJA_scaffold9718.p1	41031	AT2G27530.1
Lygodium_japonicum_LYJA_scaffold9728.p1	41037	AT5G15400.1
Lygodium_japonicum_LYJA_scaffold9752.p1	41048	AT2G15890.1
Lygodium_japonicum_LYJA_scaffold9756.p1	41049	AT1G54570.1
Lygodium_japonicum_LYJA_scaffold9844.p1	41055	AT3G53800.1
Lygodium_japonicum_LYJA_scaffold9874.p1	41058	AT3G56290.1
Lygodium_japonicum_LYJA_scaffold9878.p1	41077	AT3G27530.1
Lygodium_japonicum_LYJA_scaffold9881.p1	41078	AT5G23630.1
Lygodium_japonicum_LYJA_scaffold9900.p1	41091	AT5G57800.1
Lygodium_japonicum_LYJA_scaffold9968.p1	41095	AT2G20560.1
Lygodium_japonicum_LYJA_scaffold9981.p2	41150	AT4G36250.1
Lygodium_japonicum_LYJA_scaffold9984.p1	41163	AT3G46790.1
